Title,MinWeight,MaxWeight,MinAge,MaxAge,Gender,StandardSquat,StandardBench,StandardDeadlift,StandardTotal,Active,Override,Affiliation,LiftType
"Female Bench Only Classic Youth (14 – 18 years) 44KG",1,48,14,18,F,0,35,0,0,1,,4,4
"Female Bench Only Classic Youth (14 – 18 years) 48KG",1,48,14,18,F,0,40,0,0,1,[84],4,4
"Female Bench Only Classic Youth (14 – 18 years) 53KG",48,53,14,18,F,0,45,0,0,1,[94],4,4
"Female Bench Only Classic Youth (14 – 18 years) 58KG",53,58,14,18,F,0,50,0,0,1,[104],4,4
"Female Bench Only Classic Youth (14 – 18 years) 64KG",58,64,14,18,F,0,55,0,0,1,[114],4,4
"Female Bench Only Classic Youth (14 – 18 years) 72KG",64,72,14,18,F,0,60,0,0,1,[124],4,4
"Female Bench Only Classic Youth (14 – 18 years) 84KG",72,84,14,18,F,0,65,0,0,1,[134],4,4
"Female Bench Only Classic Youth (14 – 18 years) 84+KG",84,500,14,18,F,0,70,0,0,1,,4,4
"Female Bench Only Classic Junior (19 – 23 years) 48KG",1,48,19,23,F,0,50,0,0,1,[164],4,4
"Female Bench Only Classic Junior (19 – 23 years) 53KG",48,53,19,23,F,0,55,0,0,1,[174],4,4
"Female Bench Only Classic Junior (19 – 23 years) 58KG",53,58,19,23,F,0,60,0,0,1,[184],4,4
"Female Bench Only Classic Junior (19 – 23 years) 64KG",58,64,19,23,F,0,65,0,0,1,[44],4,4
"Female Bench Only Classic Junior (19 – 23 years) 72KG",64,72,19,23,F,0,70,0,0,1,[54],4,4
"Female Bench Only Classic Junior (19 – 23 years) 84KG",72,84,19,23,F,0,75,0,0,1,[214],4,4
"Female Bench Only Classic Junior (19 – 23 years) 100KG",84,100,19,23,F,0,80,0,0,1,[224],4,4
"Female Bench Only Classic Junior (19 – 23 years) 100+KG",100,500,19,23,F,0,85,0,0,1,[234],4,4
"Female Bench Only Classic Open (24 – 39 years) 48KG",1,48,24,39,F,0,55,0,0,1,,4,4
"Female Bench Only Classic Open (24 – 39 years) 53KG",48,53,24,39,F,0,60,0,0,1,,4,4
"Female Bench Only Classic Open (24 – 39 years) 58KG",53,58,24,39,F,0,70,0,0,1,,4,4
"Female Bench Only Classic Open (24 – 39 years) 64KG",58,64,24,39,F,0,80,0,0,1,,4,4
"Female Bench Only Classic Open (24 – 39 years) 72KG",64,72,24,39,F,0,90,0,0,1,,4,4
"Female Bench Only Classic Open (24 – 39 years) 84KG",72,84,24,39,F,0,100,0,0,1,,4,4
"Female Bench Only Classic Open (24 – 39 years) 100KG",84,100,24,39,F,0,105,0,0,1,,4,4
"Female Bench Only Classic Open (24 – 39 years) 100+KG",100,500,24,39,F,0,110,0,0,1,,4,4
"Female Bench Only Classic Masters 1 (40 – 44 years) 48KG",1,48,40,44,F,0,50,0,0,1,[164],4,4
"Female Bench Only Classic Masters 1 (40 – 44 years) 53KG",48,53,40,44,F,0,55,0,0,1,[174],4,4
"Female Bench Only Classic Masters 1 (40 – 44 years) 58KG",53,58,40,44,F,0,60,0,0,1,[184],4,4
"Female Bench Only Classic Masters 1 (40 – 44 years) 64KG",58,64,40,44,F,0,65,0,0,1,[194],4,4
"Female Bench Only Classic Masters 1 (40 – 44 years) 72KG",64,72,40,44,F,0,70,0,0,1,[204],4,4
"Female Bench Only Classic Masters 1 (40 – 44 years) 84KG",72,84,40,44,F,0,75,0,0,1,[214],4,4
"Female Bench Only Classic Masters 1 (40 – 44 years) 100KG",84,100,40,44,F,0,80,0,0,1,[224],4,4
"Female Bench Only Classic Masters 1 (40 – 44 years) 100+KG",100,500,40,44,F,0,85,0,0,1,[234],4,4
"Female Bench Only Classic Masters 2 (45 – 49 years) 48KG",1,48,45,49,F,0,45,0,0,1,"[164,244]",4,4
"Female Bench Only Classic Masters 2 (45 – 49 years) 53KG",48,53,45,49,F,0,50,0,0,1,"[174,254]",4,4
"Female Bench Only Classic Masters 2 (45 – 49 years) 58KG",53,58,45,49,F,0,55,0,0,1,"[184,264]",4,4
"Female Bench Only Classic Masters 2 (45 – 49 years) 64KG",58,64,45,49,F,0,60,0,0,1,"[194,274]",4,4
"Female Bench Only Classic Masters 2 (45 – 49 years) 72KG",64,72,45,49,F,0,65,0,0,1,"[204,284]",4,4
"Female Bench Only Classic Masters 2 (45 – 49 years) 84KG",72,84,45,49,F,0,70,0,0,1,"[214,294]",4,4
"Female Bench Only Classic Masters 2 (45 – 49 years) 100KG",84,100,45,49,F,0,75,0,0,1,"[224,304]",4,4
"Female Bench Only Classic Masters 2 (45 – 49 years) 100+KG",100,500,45,49,F,0,80,0,0,1,"[234,314]",4,4
"Female Bench Only Classic Masters 3 (50 – 54 years) 48KG",1,48,50,54,F,0,42,0,0,1,"[164,244,324]",4,4
"Female Bench Only Classic Masters 3 (50 – 54 years) 53KG",48,53,50,54,F,0,47,0,0,1,"[174,254,334]",4,4
"Female Bench Only Classic Masters 3 (50 – 54 years) 58KG",53,58,50,54,F,0,52,0,0,1,"[184,264,344]",4,4
"Female Bench Only Classic Masters 3 (50 – 54 years) 64KG",58,64,50,54,F,0,57,0,0,1,"[194,274,354]",4,4
"Female Bench Only Classic Masters 3 (50 – 54 years) 72KG",64,72,50,54,F,0,62,0,0,1,"[204,284,364]",4,4
"Female Bench Only Classic Masters 3 (50 – 54 years) 84KG",72,84,50,54,F,0,67,0,0,1,"[214,294,374]",4,4
"Female Bench Only Classic Masters 3 (50 – 54 years) 100KG",84,100,50,54,F,0,72,0,0,1,"[224,304,384]",4,4
"Female Bench Only Classic Masters 3 (50 – 54 years) 100+KG",100,500,50,54,F,0,77,0,0,1,"[234,314,394]",4,4
"Female Bench Only Classic Masters 4 (55 – 59 years) 48KG",1,48,55,59,F,0,37,0,0,1,"[164,244,324,404]",4,4
"Female Bench Only Classic Masters 4 (55 – 59 years) 53KG",48,53,55,59,F,0,42,0,0,1,"[174,254,334,414]",4,4
"Female Bench Only Classic Masters 4 (55 – 59 years) 58KG",53,58,55,59,F,0,47,0,0,1,"[184,264,344,434]",4,4
"Female Bench Only Classic Masters 4 (55 – 59 years) 64KG",58,64,55,59,F,0,52,0,0,1,"[194,274,354,434]",4,4
"Female Bench Only Classic Masters 4 (55 – 59 years) 72KG",64,72,55,59,F,0,57,0,0,1,"[204,284,364,444]",4,4
"Female Bench Only Classic Masters 4 (55 – 59 years) 84KG",72,84,55,59,F,0,62,0,0,1,"[214,294,374,454]",4,4
"Female Bench Only Classic Masters 4 (55 – 59 years) 100KG",84,100,55,59,F,0,67,0,0,1,"[224,304,384,464]",4,4
"Female Bench Only Classic Masters 4 (55 – 59 years) 100+KG",100,500,55,59,F,0,72,0,0,1,"[234,314,394,474]",4,4
"Female Bench Only Classic Masters 5 (60 – 64 years) 48KG",1,48,60,64,F,0,32,0,0,1,"[164,244,324,404,484]",4,4
"Female Bench Only Classic Masters 5 (60 – 64 years) 53KG",48,53,60,64,F,0,37,0,0,1,"[174,254,334,414,494]",4,4
"Female Bench Only Classic Masters 5 (60 – 64 years) 58KG",53,58,60,64,F,0,42,0,0,1,"[184,264,344,434,504]",4,4
"Female Bench Only Classic Masters 5 (60 – 64 years) 64KG",58,64,60,64,F,0,47,0,0,1,"[194,274,354,434,514]",4,4
"Female Bench Only Classic Masters 5 (60 – 64 years) 72KG",64,72,60,64,F,0,52,0,0,1,"[204,284,364,444,524]",4,4
"Female Bench Only Classic Masters 5 (60 – 64 years) 84KG",72,84,60,64,F,0,57,0,0,1,"[214,294,374,454,534]",4,4
"Female Bench Only Classic Masters 5 (60 – 64 years) 100KG",84,100,60,64,F,0,62,0,0,1,"[224,304,384,464,544]",4,4
"Female Bench Only Classic Masters 5 (60 – 64 years) 100+KG",100,500,60,64,F,0,67,0,0,1,"[234,314,394,474,554]",4,4
"Female Bench Only Classic Masters 6 (65 – 69 years) 48KG",1,48,65,69,F,0,28,0,0,1,"[164,244,324,404,484,564]",4,4
"Female Bench Only Classic Masters 6 (65 – 69 years) 53KG",48,53,65,69,F,0,32,0,0,1,"[174,254,334,414,494,574]",4,4
"Female Bench Only Classic Masters 6 (65 – 69 years) 58KG",53,58,65,69,F,0,37,0,0,1,"[184,264,344,434,504,584]",4,4
"Female Bench Only Classic Masters 6 (65 – 69 years) 64KG",58,64,65,69,F,0,40,0,0,1,"[194,274,354,434,514,594]",4,4
"Female Bench Only Classic Masters 6 (65 – 69 years) 72KG",64,72,65,69,F,0,45,0,0,1,"[204,284,364,444,524,604]",4,4
"Female Bench Only Classic Masters 6 (65 – 69 years) 84KG",72,84,65,69,F,0,50,0,0,1,"[214,294,374,454,534,614]",4,4
"Female Bench Only Classic Masters 6 (65 – 69 years) 100KG",84,100,65,69,F,0,52,0,0,1,"[224,304,384,464,544,624]",4,4
"Female Bench Only Classic Masters 6 (65 – 69 years) 100+KG",100,500,65,69,F,0,55,0,0,1,"[234,314,394,474,554,634]",4,4
"Female Bench Only Classic Masters 7 (70 – 74 years) 48KG",1,48,70,74,F,0,26,0,0,1,"[164,244,324,404,484,564,644]",4,4
"Female Bench Only Classic Masters 7 (70 – 74 years) 53KG",48,53,70,74,F,0,28,0,0,1,"[174,254,334,414,494,574,654]",4,4
"Female Bench Only Classic Masters 7 (70 – 74 years) 58KG",53,58,70,74,F,0,32,0,0,1,"[184,264,344,434,504,584,664]",4,4
"Female Bench Only Classic Masters 7 (70 – 74 years) 64KG",58,64,70,74,F,0,37,0,0,1,"[194,274,354,434,514,594,674]",4,4
"Female Bench Only Classic Masters 7 (70 – 74 years) 72KG",64,72,70,74,F,0,40,0,0,1,"[214,294,374,454,534,614,694]",4,4
"Female Bench Only Classic Masters 7 (70 – 74 years) 84KG",72,84,70,74,F,0,45,0,0,1,"[214,294,374,454,534,614,694]",4,4
"Female Bench Only Classic Masters 7 (70 – 74 years) 100KG",84,100,70,74,F,0,50,0,0,1,"[224,304,384,464,544,624,704]",4,4
"Female Bench Only Classic Masters 7 (70 – 74 years) 100+KG",100,500,70,74,F,0,55,0,0,1,"[234,314,394,474,554,634,714]",4,4
"Female Bench Only Classic Masters 8 (75 – 79 years) 48KG",1,48,75,79,F,0,24,0,0,1,"[164,244,324,404,484,564,644,724]",4,4
"Female Bench Only Classic Masters 8 (75 – 79 years) 53KG",48,53,75,79,F,0,26,0,0,1,"[174,254,334,414,494,574,654,734]",4,4
"Female Bench Only Classic Masters 8 (75 – 79 years) 58KG",53,58,75,79,F,0,28,0,0,1,"[184,264,344,434,504,584,664,744]",4,4
"Female Bench Only Classic Masters 8 (75 – 79 years) 64KG",58,64,75,79,F,0,32,0,0,1,"[194,274,354,434,514,594,674,754]",4,4
"Female Bench Only Classic Masters 8 (75 – 79 years) 72KG",64,72,75,79,F,0,37,0,0,1,"[204,284,364,444,524,604,684,764]",4,4
"Female Bench Only Classic Masters 8 (75 – 79 years) 84KG",72,84,75,79,F,0,40,0,0,1,"[214,294,374,454,534,614,694,764]",4,4
"Female Bench Only Classic Masters 8 (75 – 79 years) 100KG",84,100,75,79,F,0,43,0,1,1,"[224,304,384,464,544,624,704,784]",4,4
"Female Bench Only Classic Masters 8 (75 – 79 years) 100+KG",100,500,75,79,F,0,47,0,0,1,"[234,314,394,474,554,634,714,794]",4,4
"Female Bench Only Classic Masters 9 (80+ years) 48KG",1,48,80,200,F,0,20,0,0,1,"[164,244,324,404,484,564,644,724,804]",4,4
"Female Bench Only Classic Masters 9 (80+ years) 53KG",48,53,80,200,F,0,22,0,0,1,"[184,264,344,434,504,584,664,744,824]",4,4
"Female Bench Only Classic Masters 9 (80+ years) 58KG",53,58,80,200,F,0,26,0,0,1,"[184,264,344,424,504,584,664,744,824]",4,4
"Female Bench Only Classic Masters 9 (80+ years) 64KG",58,64,80,200,F,0,30,0,0,1,"[194,274,354,434,514,594,674,754,834]",4,4
"Female Bench Only Classic Masters 9 (80+ years) 72KG",64,72,80,200,F,0,35,0,0,1,"[204,284,364,444,524,604,684,764,844]",4,4
"Female Bench Only Classic Masters 9 (80+ years) 84KG",72,84,80,200,F,0,37,0,0,1,"[214,294,374,454,534,614,694,764,854]",4,4
"Female Bench Only Classic Masters 9 (80+ years) 100KG",84,100,80,200,F,0,40,0,1,1,"[224,304,384,464,544,624,704,784,864]",4,4
"Female Bench Only Classic Masters 9 (80+ years) 100+KG",100,500,80,200,F,0,43,0,0,1,"[234,314,394,474,554,634,714,794,874]",4,4
"Female Bench Only Equipped Youth (14 – 18 years) 48KG",1,48,14,18,F,0,40,0,0,1,[1124],4,14
"Female Bench Only Equipped Youth (14 – 18 years) 53KG",48,53,14,18,F,0,45,0,0,1,[1134],4,14
"Female Bench Only Equipped Youth (14 – 18 years) 58KG",53,58,14,18,F,0,50,0,0,1,[1144],4,14
"Female Bench Only Equipped Youth (14 – 18 years) 64KG",58,64,14,18,F,0,55,0,0,1,[1154],4,14
"Female Bench Only Equipped Youth (14 – 18 years) 72KG",64,72,14,18,F,0,60,0,0,1,[1164],4,14
"Female Bench Only Equipped Youth (14 – 18 years) 84KG",72,84,14,18,F,0,65,0,0,1,[1174],4,14
"Female Bench Only Equipped Youth (14 – 18 years) 100KG",84,100,14,18,F,0,70,0,0,1,[1184],4,14
"Female Bench Only Equipped Youth (14 – 18 years) 100+KG",100,500,14,18,F,0,80,0,0,1,[1194],4,14
"Female Bench Only Equipped Junior (19 – 23 years) 48KG",1,48,19,23,F,0,55,0,0,1,[1124],4,14
"Female Bench Only Equipped Junior (19 – 23 years) 53KG",48,53,19,23,F,0,60,0,0,1,[1134],4,14
"Female Bench Only Equipped Junior (19 – 23 years) 58KG",53,58,19,23,F,0,65,0,0,1,[1144],4,14
"Female Bench Only Equipped Junior (19 – 23 years) 64KG",58,64,19,23,F,0,70,0,0,1,[1154],4,14
"Female Bench Only Equipped Junior (19 – 23 years) 72KG",64,72,19,23,F,0,75,0,0,1,[1164],4,14
"Female Bench Only Equipped Junior (19 – 23 years) 84KG",72,84,19,23,F,0,80,0,0,1,[1174],4,14
"Female Bench Only Equipped Junior (19 – 23 years) 100KG",84,100,19,23,F,0,85,0,0,1,[1184],4,14
"Female Bench Only Equipped Junior (19 – 23 years) 100+KG",100,500,19,23,F,0,90,0,0,1,[1194],4,14
"Female Bench Only Equipped Open (24 – 39 years) 48KG",1,48,24,39,F,0,60,0,0,1,,4,14
"Female Bench Only Equipped Open (24 – 39 years) 53KG",48,53,24,39,F,0,70,0,0,1,,4,14
"Female Bench Only Equipped Open (24 – 39 years) 58KG",53,58,24,39,F,0,80,0,0,1,,4,14
"Female Bench Only Equipped Open (24 – 39 years) 64KG",58,64,24,39,F,0,90,0,0,1,,4,14
"Female Bench Only Equipped Open (24 – 39 years) 72KG",64,72,24,39,F,0,100,0,0,1,,4,14
"Female Bench Only Equipped Open (24 – 39 years) 84KG",72,84,24,39,F,0,107,0,0,1,,4,14
"Female Bench Only Equipped Open (24 – 39 years) 100KG",84,100,24,39,F,0,150,0,0,1,,4,14
"Female Bench Only Equipped Open (24 – 39 years) 100+KG",100,500,24,39,F,0,125,0,0,1,,4,14
"Female Bench Only Equipped Masters 1 (40 – 44 years) 48KG",1,48,40,44,F,0,55,0,0,1,[1124],4,14
"Female Bench Only Equipped Masters 1 (40 – 44 years) 53KG",48,53,40,44,F,0,60,0,0,1,[1134],4,14
"Female Bench Only Equipped Masters 1 (40 – 44 years) 58KG",53,58,40,44,F,0,65,0,0,1,[1144],4,14
"Female Bench Only Equipped Masters 1 (40 – 44 years) 64KG",58,64,40,44,F,0,70,0,0,1,[1154],4,14
"Female Bench Only Equipped Masters 1 (40 – 44 years) 72KG",64,72,40,44,F,0,75,0,0,1,[1164],4,14
"Female Bench Only Equipped Masters 1 (40 – 44 years) 84KG",72,84,40,44,F,0,150,0,0,1,[1174],4,14
"Female Bench Only Equipped Masters 1 (40 – 44 years) 100KG",84,100,40,44,F,0,85,0,0,1,[1184],4,14
"Female Bench Only Equipped Masters 1 (40 – 44 years) 100+KG",100,500,40,44,F,0,90,0,0,1,[1194],4,14
"Female Bench Only Equipped Masters 2 (45 – 49 years) 48KG",1,48,45,49,F,0,50,0,0,1,"[1124,1204]",4,14
"Female Bench Only Equipped Masters 2 (45 – 49 years) 53KG",48,53,45,49,F,0,55,0,0,1,"[1134,1214]",4,14
"Female Bench Only Equipped Masters 2 (45 – 49 years) 58KG",53,58,45,49,F,0,60,0,0,1,"[1144,1224]",4,14
"Female Bench Only Equipped Masters 2 (45 – 49 years) 64KG",58,64,45,49,F,0,65,0,0,1,"[1154,1234]",4,14
"Female Bench Only Equipped Masters 2 (45 – 49 years) 72KG",64,72,45,49,F,0,70,0,0,1,"[1164,1244]",4,14
"Female Bench Only Equipped Masters 2 (45 – 49 years) 84KG",72,84,45,49,F,0,150,0,0,1,"[1174,1254]",4,14
"Female Bench Only Equipped Masters 2 (45 – 49 years) 100KG",84,100,45,49,F,0,80,0,0,1,"[1184,1264]",4,14
"Female Bench Only Equipped Masters 2 (45 – 49 years) 100+KG",100,500,45,49,F,0,85,0,0,1,"[1194,1274]",4,14
"Female Bench Only Equipped Masters 3 (50 – 54 years) 48KG",1,48,50,54,F,0,47,0,0,1,"[1124,1204,1284]",4,14
"Female Bench Only Equipped Masters 3 (50 – 54 years) 53KG",48,53,50,54,F,0,52,0,0,1,"[1134,1214,1294]",4,14
"Female Bench Only Equipped Masters 3 (50 – 54 years) 58KG",53,58,50,54,F,0,57,0,0,1,"[1144,1224,1304]",4,14
"Female Bench Only Equipped Masters 3 (50 – 54 years) 64KG",58,64,50,54,F,0,62,0,0,1,"[1154,1234,1314]",4,14
"Female Bench Only Equipped Masters 3 (50 – 54 years) 72KG",64,72,50,54,F,0,67,0,0,1,"[1164,1244,1324]",4,14
"Female Bench Only Equipped Masters 3 (50 – 54 years) 84KG",72,84,50,54,F,0,72,0,0,1,"[1174,1254,1334]",4,14
"Female Bench Only Equipped Masters 3 (50 – 54 years) 100KG",84,100,50,54,F,0,77,0,0,1,"[1184,1264,1344]",4,14
"Female Bench Only Equipped Masters 3 (50 – 54 years) 100+KG",100,500,50,54,F,0,82,0,0,1,"[1194,1274,1354]",4,14
"Female Bench Only Equipped Masters 4 (55 – 59 years) 48KG",1,48,55,59,F,0,42,0,0,1,"[1124,1204,1284,1364]",4,14
"Female Bench Only Equipped Masters 4 (55 – 59 years) 53KG",48,53,55,59,F,0,47,0,0,1,"[1134,1214,1294,1374]",4,14
"Female Bench Only Equipped Masters 4 (55 – 59 years) 58KG",53,58,55,59,F,0,52,0,0,1,"[1144,1224,1304,1384]",4,14
"Female Bench Only Equipped Masters 4 (55 – 59 years) 64KG",58,64,55,59,F,0,57,0,0,1,"[1154,1234,1314,1394]",4,14
"Female Bench Only Equipped Masters 4 (55 – 59 years) 72KG",64,72,55,59,F,0,62,0,0,1,"[1164,1244,1324,1404]",4,14
"Female Bench Only Equipped Masters 4 (55 – 59 years) 84KG",72,84,55,59,F,0,67,0,0,1,"[1174,1254,1334,1414]",4,14
"Female Bench Only Equipped Masters 4 (55 – 59 years) 100KG",84,100,55,59,F,0,72,0,0,1,"[1184,1264,1344,1424]",4,14
"Female Bench Only Equipped Masters 4 (55 – 59 years) 100+KG",100,500,55,59,F,0,77,0,0,1,"[1194,1274,1354,1434]",4,14
"Female Bench Only Equipped Masters 5 (60 – 64 years) 48KG",1,48,60,64,F,0,37,0,0,1,"[1124,1204,1284,1364,1444]",4,14
"Female Bench Only Equipped Masters 5 (60 – 64 years) 53KG",48,53,60,64,F,0,42,0,0,1,"[1134,1214,1294,1374,1454]",4,14
"Female Bench Only Equipped Masters 5 (60 – 64 years) 58KG",53,58,60,64,F,0,47,0,0,1,"[1144,1224,1304,1384,1464]",4,14
"Female Bench Only Equipped Masters 5 (60 – 64 years) 64KG",58,64,60,64,F,0,52,0,0,1,"[1154,1234,1314,1394,1474]",4,14
"Female Bench Only Equipped Masters 5 (60 – 64 years) 72KG",64,72,60,64,F,0,57,0,0,1,"[1164,1244,1324,1404,1484]",4,14
"Female Bench Only Equipped Masters 5 (60 – 64 years) 84KG",72,84,60,64,F,0,62,0,0,1,"[1174,1254,1334,1414,1494]",4,14
"Female Bench Only Equipped Masters 5 (60 – 64 years) 100KG",84,100,60,64,F,0,67,0,0,1,"[1184,1264,1344,1424,1504]",4,14
"Female Bench Only Equipped Masters 5 (60 – 64 years) 100+KG",100,500,60,64,F,0,72,0,0,1,"[1194,1274,1354,1434,1514]",4,14
"Female Bench Only Equipped Masters 6 (65 – 69 years) 48KG",1,48,65,69,F,0,32,0,0,1,"[1124,1204,1284,1364,1444,1524]",4,14
"Female Bench Only Equipped Masters 6 (65 – 69 years) 53KG",48,53,65,69,F,0,37,0,0,1,"[1134,1214,1294,1374,1454,1534]",4,14
"Female Bench Only Equipped Masters 6 (65 – 69 years) 58KG",53,58,65,69,F,0,40,0,0,1,"[1144,1224,1304,1384,1464,1544]",4,14
"Female Bench Only Equipped Masters 6 (65 – 69 years) 64KG",58,64,65,69,F,0,45,0,0,1,"[1154,1234,1314,1394,1474,1554]",4,14
"Female Bench Only Equipped Masters 6 (65 – 69 years) 72KG",64,72,65,69,F,0,50,0,0,1,"[1164,1244,1324,1404,1484,1564]",4,14
"Female Bench Only Equipped Masters 6 (65 – 69 years) 84KG",72,84,65,69,F,0,52,0,0,1,"[1174,1254,1334,1414,1494,1574]",4,14
"Female Bench Only Equipped Masters 6 (65 – 69 years) 100KG",84,100,65,69,F,0,55,0,0,1,"[1184,1264,1344,1424,1504,1584]",4,14
"Female Bench Only Equipped Masters 6 (65 – 69 years) 100+KG",100,500,65,69,F,0,60,0,0,1,"[1194,1274,1354,1434,1514,1594]",4,14
"Female Bench Only Equipped Masters 7 (70 – 74 years) 48KG",1,48,70,74,F,0,28,0,0,1,"[1124,1204,1284,1364,1444,1524,1604]",4,14
"Female Bench Only Equipped Masters 7 (70 – 74 years) 53KG",48,53,70,74,F,0,32,0,0,1,"[1134,1214,1294,1374,1454,1534,1614]",4,14
"Female Bench Only Equipped Masters 7 (70 – 74 years) 58KG",53,58,70,74,F,0,37,0,0,1,"[1144,1224,1304,1384,1464,1544,1624]",4,14
"Female Bench Only Equipped Masters 7 (70 – 74 years) 64KG",58,64,70,74,F,0,40,0,0,1,"[1154,1234,1314,1394,1474,1554,1634]",4,14
"Female Bench Only Equipped Masters 7 (70 – 74 years) 72KG",64,72,70,74,F,0,45,0,0,1,"[1164,1244,1324,1404,1484,1564,1644]",4,14
"Female Bench Only Equipped Masters 7 (70 – 74 years) 84KG",72,84,70,74,F,0,50,0,0,1,"[1174,1254,1334,1414,1494,1574,1654]",4,14
"Female Bench Only Equipped Masters 7 (70 – 74 years) 100KG",84,100,70,74,F,0,52,0,0,1,"[1184,1264,1344,1424,1504,1584,1664]",4,14
"Female Bench Only Equipped Masters 7 (70 – 74 years) 100+KG",100,500,70,74,F,0,57,0,0,1,"[1194,1274,1354,1434,1514,1594,1674]",4,14
"Female Bench Only Equipped Masters 8 (75 – 79 years) 48KG",1,48,75,79,F,0,26,0,0,1,"[1124,1204,1284,1364,1444,1524,1604,1684]",4,14
"Female Bench Only Equipped Masters 8 (75 – 79 years) 53KG",48,53,75,79,F,0,28,0,0,1,"[1134,1214,1294,1374,1454,1534,1614,1694]",4,14
"Female Bench Only Equipped Masters 8 (75 – 79 years) 58KG",53,58,75,79,F,0,32,0,0,1,"[1144,1224,1304,1384,1464,1544,1624,1704]",4,14
"Female Bench Only Equipped Masters 8 (75 – 79 years) 64KG",58,64,75,79,F,0,37,0,0,1,"[1154,1234,1314,1394,1474,1554,1634,1714]",4,14
"Female Bench Only Equipped Masters 8 (75 – 79 years) 72KG",64,72,75,79,F,0,40,0,0,1,"[1164,1244,1324,1404,1484,1564,1644,1724]",4,14
"Female Bench Only Equipped Masters 8 (75 – 79 years) 84KG",72,84,75,79,F,0,43,0,0,1,"[1174,1254,1334,1414,1494,1574,1654,1734]",4,14
"Female Bench Only Equipped Masters 8 (75 – 79 years) 100KG",84,100,75,79,F,0,47,0,1,1,"[1184,1264,1344,1424,1504,1584,1664,1744]",4,14
"Female Bench Only Equipped Masters 8 (75 – 79 years) 100+KG",100,500,75,79,F,0,50,0,0,1,"[1194,1274,1354,1434,1514,1594,1674,1754]",4,14
"Female Bench Only Equipped Masters 9 (80+ years) 48KG",1,48,80,200,F,0,24,0,0,1,"[1124,1204,1284,1364,1444,1524,1604,1684,1764]",4,14
"Female Bench Only Equipped Masters 9 (80+ years) 53KG",48,53,80,200,F,0,26,0,0,1,"[1134,1214,1294,1374,1454,1534,1614,1694,1774]",4,14
"Female Bench Only Equipped Masters 9 (80+ years) 58KG",53,58,80,200,F,0,28,0,0,1,"[1144,1224,1304,1384,1464,1544,1624,1704,1784]",4,14
"Female Bench Only Equipped Masters 9 (80+ years) 64KG",58,64,80,200,F,0,32,0,0,1,"[1154,1234,1314,1394,1474,1554,1634,1714,1794]",4,14
"Female Bench Only Equipped Masters 9 (80+ years) 72KG",64,72,80,200,F,0,37,0,0,1,"[1164,1244,1324,1404,1484,1564,1644,1724,1804]",4,14
"Female Bench Only Equipped Masters 9 (80+ years) 84KG",72,84,80,200,F,0,40,0,0,1,"[1174,1254,1334,1414,1494,1574,1654,1734,1814]",4,14
"Female Bench Only Equipped Masters 9 (80+ years) 100KG",84,100,80,200,F,0,43,0,1,1,"[1184,1264,1344,1424,1504,1584,1664,1744,1824]",4,14
"Female Bench Only Equipped Masters 9 (80+ years) 100+KG",100,500,80,200,F,0,45,0,0,1,"[1194,1274,1354,1434,1514,1594,1674,1754,1834]",4,14
"Female 3-Lift Classic Youth (14 – 18 years) 44KG",1,48,14,18,F,55,35,65,160,1,,4,4
"Female 3-Lift Classic Youth (14 – 18 years) 48KG",1,48,14,18,F,65,40,70,180,1,[2084],4,4
"Female 3-Lift Classic Youth (14 – 18 years) 53KG",48,53,14,18,F,72,45,80,195,1,[2094],4,4
"Female 3-Lift Classic Youth (14 – 18 years) 58KG",53,58,14,18,F,82,50,90,210,1,[2104],4,4
"Female 3-Lift Classic Youth (14 – 18 years) 64KG",58,64,14,18,F,87,55,95,235,1,[2114],4,4
"Female 3-Lift Classic Youth (14 – 18 years) 72KG",64,72,14,18,F,95,65,105,260,1,[2124],4,4
"Female 3-Lift Classic Youth (14 – 18 years) 84KG",72,84,14,18,F,110,70,122,300,1,[2134],4,4
"Female 3-Lift Classic Youth (14 – 18 years) 84+KG",84,500,14,18,F,125,80,140,345,1,,4,4
"Female 3-Lift Classic Junior (19 – 23 years) 48KG",1,48,19,23,F,77,47,80,215,1,[2084],4,4
"Female 3-Lift Classic Junior (19 – 23 years) 53KG",48,53,19,23,F,82,50,87,225,1,[2094],4,4
"Female 3-Lift Classic Junior (19 – 23 years) 58KG",53,58,19,23,F,92,52,97,245,1,[2104],4,4
"Female 3-Lift Classic Junior (19 – 23 years) 64KG",58,64,19,23,F,102,60,107,265,1,[2114],4,4
"Female 3-Lift Classic Junior (19 – 23 years) 72KG",64,72,19,23,F,112,70,120,300,1,[2124],4,4
"Female 3-Lift Classic Junior (19 – 23 years) 84KG",72,84,19,23,F,120,80,140,325,1,[2134],4,4
"Female 3-Lift Classic Junior (19 – 23 years) 100KG",84,100,19,23,F,130,90,150,350,1,[2144],4,4
"Female 3-Lift Classic Junior (19 – 23 years) 100+KG",100,500,19,23,F,140,100,155,395,1,[2154],4,4
"Female 3-Lift Classic Open (24 – 39 years) 48KG",1,48,24,39,F,85,55,100,245,1,,4,4
"Female 3-Lift Classic Open (24 – 39 years) 53KG",48,53,24,39,F,95,60,120,320,1,,4,4
"Female 3-Lift Classic Open (24 – 39 years) 58KG",53,58,24,39,F,115,70,135,340,1,,4,4
"Female 3-Lift Classic Open (24 – 39 years) 64KG",58,64,24,39,F,125,80,165,360,1,,4,4
"Female 3-Lift Classic Open (24 – 39 years) 72KG",64,72,24,39,F,141,85,179,376,1,,4,4
"Female 3-Lift Classic Open (24 – 39 years) 84KG",72,84,24,39,F,147,94,184,427,1,,4,4
"Female 3-Lift Classic Open (24 – 39 years) 100KG",84,100,24,39,F,185,94,189,455,1,,4,4
"Female 3-Lift Classic Open (24 – 39 years) 100+KG",100,500,24,39,F,227,119,251,598,1,,4,4
"Female 3-Lift Classic Masters 1 (40 – 44 years) 48KG",1,48,40,44,F,75,52,95,220,1,[2084],4,4
"Female 3-Lift Classic Masters 1 (40 – 44 years) 53KG",48,53,40,44,F,87,57,105,260,1,[2094],4,4
"Female 3-Lift Classic Masters 1 (40 – 44 years) 58KG",53,58,40,44,F,95,65,115,285,1,"[""211""""]",4,4
"Female 3-Lift Classic Masters 1 (40 – 44 years) 64KG",58,64,40,44,F,107,75,142,310,1,[2114],4,4
"Female 3-Lift Classic Masters 1 (40 – 44 years) 72KG",64,72,40,44,F,142,80,162,377,1,[2124],4,4
"Female 3-Lift Classic Masters 1 (40 – 44 years) 84KG",72,84,40,44,F,148,95,185,428,1,[2134],4,4
"Female 3-Lift Classic Masters 1 (40 – 44 years) 100KG",84,100,40,44,F,186,90,190,456,1,[2144],4,4
"Female 3-Lift Classic Masters 1 (40 – 44 years) 100+KG",100,500,40,44,F,171,95,180,435,1,[2154],4,4
"Female 3-Lift Classic Masters 2 (45 – 49 years) 48KG",1,48,45,49,F,70,45,80,210,1,"[2084,2164]",4,4
"Female 3-Lift Classic Masters 2 (45 – 49 years) 53KG",48,53,45,49,F,82,50,95,225,1,"[2094,2174]",4,4
"Female 3-Lift Classic Masters 2 (45 – 49 years) 58KG",53,58,45,49,F,85,55,105,240,1,"[2104,2184]",4,4
"Female 3-Lift Classic Masters 2 (45 – 49 years) 64KG",58,64,45,49,F,107,60,135,301,1,"[2114,2194]",4,4
"Female 3-Lift Classic Masters 2 (45 – 49 years) 72KG",64,72,45,49,F,105,65,120,290,1,"[2124,2204]",4,4
"Female 3-Lift Classic Masters 2 (45 – 49 years) 84KG",72,84,45,49,F,148,95,185,428,1,"[2134,2214]",4,4
"Female 3-Lift Classic Masters 2 (45 – 49 years) 100KG",84,100,45,49,F,186,85,190,456,1,"[2144,2224]",4,4
"Female 3-Lift Classic Masters 2 (45 – 49 years) 100+KG",100,500,45,49,F,171,100,170,418,1,"[2154,2234]",4,4
"Female 3-Lift Classic Masters 3 (50 – 54 years) 48KG",1,48,50,54,F,67,42,77,205,1,"[2084,2164,2244]",4,4
"Female 3-Lift Classic Masters 3 (50 – 54 years) 53KG",48,53,50,54,F,80,47,87,220,1,"[2094,2174,2254]",4,4
"Female 3-Lift Classic Masters 3 (50 – 54 years) 58KG",53,58,50,54,F,83,52,97,235,1,"[2104,2184,2264]",4,4
"Female 3-Lift Classic Masters 3 (50 – 54 years) 64KG",58,64,50,54,F,107,59,135,301,1,"[2114,2194,2274]",4,4
"Female 3-Lift Classic Masters 3 (50 – 54 years) 72KG",64,72,50,54,F,95,63,115,285,1,"[2124,2204,2284]",4,4
"Female 3-Lift Classic Masters 3 (50 – 54 years) 84KG",72,84,50,54,F,127,74,170,367,1,"[2134,2214,2294]",4,4
"Female 3-Lift Classic Masters 3 (50 – 54 years) 100KG",84,100,50,54,F,110,80,140,340,1,"[2144,2224,2304]",4,4
"Female 3-Lift Classic Masters 3 (50 – 54 years) 100+KG",100,500,50,54,F,171,93,170,418,1,"[2154,2234,2314]",4,4
"Female 3-Lift Classic Masters 4 (55 – 59 years) 48KG",1,48,55,59,F,62,38,75,175,1,"[2084,2164,2244,2324]",4,4
"Female 3-Lift Classic Masters 4 (55 – 59 years) 53KG",48,53,55,59,F,67,42,82,192,1,"[2094,2174,2254,2334]",4,4
"Female 3-Lift Classic Masters 4 (55 – 59 years) 58KG",53,58,55,59,F,72,47,92,210,1,"[2104,2184,2264,2344]",4,4
"Female 3-Lift Classic Masters 4 (55 – 59 years) 64KG",58,64,55,59,F,107,59,135,301,1,"[2114,2194,2274,2354]",4,4
"Female 3-Lift Classic Masters 4 (55 – 59 years) 72KG",64,72,55,59,F,92,57,112,260,1,"[2124,2204,2284,2364]",4,4
"Female 3-Lift Classic Masters 4 (55 – 59 years) 84KG",72,84,55,59,F,117,63,122,294,1,"[2134,2214,2294,2374]",4,4
"Female 3-Lift Classic Masters 4 (55 – 59 years) 100KG",84,100,55,59,F,100,70,132,305,1,"[2144,2224,2304,2384]",4,4
"Female 3-Lift Classic Masters 4 (55 – 59 years) 100+KG",100,500,55,59,F,145,81,150,376,1,"[2154,2234,2314,2394]",4,4
"Female 3-Lift Classic Masters 5 (60 – 64 years) 48KG",1,48,60,64,F,50,35,65,150,1,"[2084,2164,2244,2324,2404]",4,4
"Female 3-Lift Classic Masters 5 (60 – 64 years) 53KG",48,53,60,64,F,55,37,72,165,1,"[2094,2174,2254,2334,2414]",4,4
"Female 3-Lift Classic Masters 5 (60 – 64 years) 58KG",53,58,60,64,F,60,42,77,185,1,"[2104,2184,2264,2344,2424]",4,4
"Female 3-Lift Classic Masters 5 (60 – 64 years) 64KG",58,64,60,64,F,65,47,85,192,1,"[2114,2194,2274,2354,2434]",4,4
"Female 3-Lift Classic Masters 5 (60 – 64 years) 72KG",64,72,60,64,F,77,50,97,225,1,"[2124,2204,2284,2364,2444]",4,4
"Female 3-Lift Classic Masters 5 (60 – 64 years) 84KG",72,84,60,64,F,95,55,115,260,1,"[2134,2214,2294,2374,2454]",4,4
"Female 3-Lift Classic Masters 5 (60 – 64 years) 100KG",84,100,60,64,F,90,60,115,263,1,"[2144,2224,2304,2384,2464]",4,4
"Female 3-Lift Classic Masters 5 (60 – 64 years) 100+KG",100,500,60,64,F,100,65,122,290,1,"[2154,2234,2314,2394,2474]",4,4
"Female 3-Lift Classic Masters 6 (65 – 69 years) 48KG",1,48,65,69,F,45,32,60,135,1,"[2084,2164,2244,2324,2404,2484]",4,4
"Female 3-Lift Classic Masters 6 (65 – 69 years) 53KG",48,53,65,69,F,50,35,70,150,1,"[2094,2174,2254,2334,2414,2494]",4,4
"Female 3-Lift Classic Masters 6 (65 – 69 years) 58KG",53,58,65,69,F,57,37,75,170,1,"[2104,2184,2264,2344,2424,2504]",4,4
"Female 3-Lift Classic Masters 6 (65 – 69 years) 64KG",58,64,65,69,F,62,40,80,177,1,"[2114,2194,2274,2354,2434,2514]",4,4
"Female 3-Lift Classic Masters 6 (65 – 69 years) 72KG",64,72,65,69,F,75,50,93,190,1,"[2124,2204,2284,2364,2444,2524]",4,4
"Female 3-Lift Classic Masters 6 (65 – 69 years) 84KG",72,84,65,69,F,95,55,115,260,1,"[2134,2214,2294,2374,2454,2534]",4,4
"Female 3-Lift Classic Masters 6 (65 – 69 years) 100KG",84,100,65,69,F,87,57,105,235,1,"[2144,2224,2304,2384,2464,2544]",4,4
"Female 3-Lift Classic Masters 6 (65 – 69 years) 100+KG",100,500,65,69,F,93,62,110,255,1,"[2154,2234,2314,2394,2474,2554]",4,4
"Female 3-Lift Classic Masters 7 (70 – 74 years) 48KG",1,48,70,74,F,42,27,55,127,1,"[2084,2164,2244,2324,2404,2484,2564]",4,4
"Female 3-Lift Classic Masters 7 (70 – 74 years) 53KG",48,53,70,74,F,47,32,65,140,1,"[2094,2174,2254,2334,2414,2494,2574]",4,4
"Female 3-Lift Classic Masters 7 (70 – 74 years) 58KG",53,58,70,74,F,55,35,70,150,1,"[2104,2184,2264,2344,2424,2504,2584]",4,4
"Female 3-Lift Classic Masters 7 (70 – 74 years) 64KG",58,64,70,74,F,60,37,75,165,1,"[2114,2194,2274,2354,2434,2514,2594]",4,4
"Female 3-Lift Classic Masters 7 (70 – 74 years) 72KG",64,72,70,74,F,70,40,85,180,1,"[2124,2204,2284,2364,2444,2524,2604]",4,4
"Female 3-Lift Classic Masters 7 (70 – 74 years) 84KG",72,84,70,74,F,75,47,92,190,1,"[2134,2214,2294,2374,2454,2534,2614]",4,4
"Female 3-Lift Classic Masters 7 (70 – 74 years) 100KG",84,100,70,74,F,80,52,97,215,1,"[2144,2224,2304,2384,2464,2544,2624]",4,4
"Female 3-Lift Classic Masters 7 (70 – 74 years) 100+KG",100,500,70,74,F,85,57,102,235,1,"[2154,2234,2314,2394,2474,2554,2634]",4,4
"Female 3-Lift Classic Masters 8 (75 – 79 years) 48KG",1,48,75,79,F,40,25,50,110,1,"[2084,2164,2244,2324,2404,2484,2564,2644]",4,4
"Female 3-Lift Classic Masters 8 (75 – 79 years) 53KG",48,53,75,79,F,45,30,60,120,1,"[2094,2174,2254,2334,2414,2494,2574,2654]",4,4
"Female 3-Lift Classic Masters 8 (75 – 79 years) 58KG",53,58,75,79,F,52,33,65,135,1,"[2104,2184,2264,2344,2424,2504,2584,2664]",4,4
"Female 3-Lift Classic Masters 8 (75 – 79 years) 64KG",58,64,75,79,F,57,35,70,147,1,"[2114,2194,2274,2354,2434,2514,2594,2674]",4,4
"Female 3-Lift Classic Masters 8 (75 – 79 years) 72KG",64,72,75,79,F,65,37,80,170,1,"[2124,2204,2284,2364,2444,2524,2604,2684]",4,4
"Female 3-Lift Classic Masters 8 (75 – 79 years) 84KG",72,84,75,79,F,70,42,90,185,1,"[2134,2214,2294,2374,2454,2534,2614,2694]",4,4
"Female 3-Lift Classic Masters 8 (75 – 79 years) 100KG",84,100,75,79,F,77,45,95,195,1,"[2144,2224,2304,2384,2464,2544,2624,2704]",4,4
"Female 3-Lift Classic Masters 8 (75 – 79 years) 100+KG",100,500,75,79,F,82,50,100,205,1,"[2154,2234,2314,2394,2474,2554,2634,2714]",4,4
"Female 3-Lift Classic Masters 9 (80+ years) 48KG",1,48,80,200,F,35,20,40,90,1,"[2084,2164,2244,2324,2404,2484,2564,2644,2724]",4,4
"Female 3-Lift Classic Masters 9 (80+ years) 53KG",48,53,80,200,F,40,25,50,110,1,"[2094,2174,2254,2334,2414,2494,2574,2654,2734]",4,4
"Female 3-Lift Classic Masters 9 (80+ years) 58KG",53,58,80,200,F,45,30,60,120,1,"[2104,2184,2264,2344,2424,2504,2584,2664,2744]",4,4
"Female 3-Lift Classic Masters 9 (80+ years) 64KG",58,64,80,200,F,52,33,65,135,1,"[2114,2194,2274,2354,2434,2514,2594,2674,2754]",4,4
"Female 3-Lift Classic Masters 9 (80+ years) 72KG",64,72,80,200,F,57,35,70,147,1,"[2124,2204,2284,2364,2444,2524,2604,2684,2764]",4,4
"Female 3-Lift Classic Masters 9 (80+ years) 84KG",72,84,80,200,F,65,37,80,170,1,"[2134,2214,2294,2374,2454,2534,2614,2694,2774]",4,4
"Female 3-Lift Classic Masters 9 (80+ years) 100KG",84,100,80,200,F,70,42,90.19,1,1,"[2144,2224,2304,2384,2464,2544,2624,2704,2784]",4,4
"Female 3-Lift Classic Masters 9 (80+ years) 100+KG",100,500,80,200,F,75,45,95,195,1,"[2154,2234,2314,2394,2474,2554,2634,2714,2794]",4,4
"Female 3-Lift Equipped Youth (14 – 18 years) 44KG",1,48,14,18,F,70,40,80,190,1,,4,14
"Female 3-Lift Equipped Youth (14 – 18 years) 48KG",1,48,14,18,F,77,45,90,210,1,[3044],4,14
"Female 3-Lift Equipped Youth (14 – 18 years) 53KG",48,53,14,18,F,85,50,95,230,1,[3054],4,14
"Female 3-Lift Equipped Youth (14 – 18 years) 58KG",53,58,14,18,F,90,55,100,245,1,[3064],4,14
"Female 3-Lift Equipped Youth (14 – 18 years) 64KG",58,64,14,18,F,100,62,110,275,1,[3074],4,14
"Female 3-Lift Equipped Youth (14 – 18 years) 72KG",64,72,14,18,F,110,70,120,300,1,[3084],4,14
"Female 3-Lift Equipped Youth (14 – 18 years) 84KG",72,84,14,18,F,120,75,130,325,1,[3094],4,14
"Female 3-Lift Equipped Youth (14 – 18 years) 84+KG",84,500,14,18,F,130,85,140,355,1,,4,14
"Female 3-Lift Equipped Junior (19 – 23 years) 48KG",1,48,19,23,F,90,55,100,245,1,[3044],4,14
"Female 3-Lift Equipped Junior (19 – 23 years) 53KG",48,53,19,23,F,100,60,110,270,1,[3054],4,14
"Female 3-Lift Equipped Junior (19 – 23 years) 58KG",53,58,19,23,F,105,65,115,290,1,[3064],4,14
"Female 3-Lift Equipped Junior (19 – 23 years) 64KG",58,64,19,23,F,120,70,130,320,1,[3074],4,14
"Female 3-Lift Equipped Junior (19 – 23 years) 72KG",64,72,19,23,F,130,75,137,340,1,[3084],4,14
"Female 3-Lift Equipped Junior (19 – 23 years) 84KG",72,84,19,23,F,140,80,180,400,1,[3094],4,14
"Female 3-Lift Equipped Junior (19 – 23 years) 100KG",84,100,19,23,F,140,100,155,395,1,[3104],4,14
"Female 3-Lift Equipped Junior (19 – 23 years) 100+KG",100,500,19,23,F,145,110,160,415,1,[3114],4,14
"Female 3-Lift Equipped Open (24 – 39 years) 48KG",1,48,24,39,F,100,70,117,285,1,,4,14
"Female 3-Lift Equipped Open (24 – 39 years) 53KG",48,53,24,39,F,112,75,130,320,1,,4,14
"Female 3-Lift Equipped Open (24 – 39 years) 58KG",53,58,24,39,F,125,80,145,365,1,,4,14
"Female 3-Lift Equipped Open (24 – 39 years) 64KG",58,64,24,39,F,135,85,160,395,1,,4,14
"Female 3-Lift Equipped Open (24 – 39 years) 72KG",64,72,24,39,F,150,90,170,425,1,,4,14
"Female 3-Lift Equipped Open (24 – 39 years) 84KG",72,84,24,39,F,200,157,210,562,1,,4,14
"Female 3-Lift Equipped Open (24 – 39 years) 100KG",84,100,24,39,F,175,110,190,485,1,,4,14
"Female 3-Lift Equipped Open (24 – 39 years) 100+KG",100,500,24,39,F,228,120,251,598,1,,4,14
"Female 3-Lift Equipped Masters 1 (40 – 44 years) 48KG",1,48,40,44,F,95,60,110,265,1,[3044],4,14
"Female 3-Lift Equipped Masters 1 (40 – 44 years) 53KG",48,53,40,44,F,100,65,125,300,1,[3054],4,14
"Female 3-Lift Equipped Masters 1 (40 – 44 years) 58KG",53,58,40,44,F,110,70,135,315,1,[3064],4,14
"Female 3-Lift Equipped Masters 1 (40 – 44 years) 64KG",58,64,40,44,F,110,75,145,335,1,[3074],4,14
"Female 3-Lift Equipped Masters 1 (40 – 44 years) 72KG",64,72,40,44,F,142,80,165,377,1,[3084],4,14
"Female 3-Lift Equipped Masters 1 (40 – 44 years) 84KG",72,84,40,44,F,200,157,210,562,1,[3094],4,14
"Female 3-Lift Equipped Masters 1 (40 – 44 years) 100KG",84,100,40,44,F,145,105,195,485,1,[3104],4,14
"Female 3-Lift Equipped Masters 1 (40 – 44 years) 100+KG",100,500,40,44,F,175,120,200,510,1,[3114],4,14
"Female 3-Lift Equipped Masters 2 (45 – 49 years) 48KG",1,48,45,49,F,90,55,105,250,1,"[3044,3124]",4,14
"Female 3-Lift Equipped Masters 2 (45 – 49 years) 53KG",48,53,45,49,F,95,62,110,265,1,"[3054,3134]",4,14
"Female 3-Lift Equipped Masters 2 (45 – 49 years) 58KG",53,58,45,49,F,100,65,125,300,1,"[3064,3144]",4,14
"Female 3-Lift Equipped Masters 2 (45 – 49 years) 64KG",58,64,45,49,F,105,70,135,315,1,"[3074,3154]",4,14
"Female 3-Lift Equipped Masters 2 (45 – 49 years) 72KG",64,72,45,49,F,110,75,145,335,1,"[3084,3164]",4,14
"Female 3-Lift Equipped Masters 2 (45 – 49 years) 84KG",72,84,45,49,F,200,157,210,562,1,"[3094,3174]",4,14
"Female 3-Lift Equipped Masters 2 (45 – 49 years) 100KG",84,100,45,49,F,140,100,180,420,1,"[3104,3184]",4,14
"Female 3-Lift Equipped Masters 2 (45 – 49 years) 100+KG",100,500,45,49,F,170,110,190,470,1,"[3114,3194]",4,14
"Female 3-Lift Equipped Masters 3 (50 – 54 years) 48KG",1,48,50,54,F,80,50,100,235,1,"[3044,3124,3204]",4,14
"Female 3-Lift Equipped Masters 3 (50 – 54 years) 53KG",48,53,50,54,F,90,55,105,250,1,"[3054,3134,3214]",4,14
"Female 3-Lift Equipped Masters 3 (50 – 54 years) 58KG",53,58,50,54,F,95,60,115,270,1,"[3064,3144,3224]",4,14
"Female 3-Lift Equipped Masters 3 (50 – 54 years) 64KG",58,64,50,54,F,100,65,130,310,1,"[3074,3154,3234]",4,14
"Female 3-Lift Equipped Masters 3 (50 – 54 years) 72KG",64,72,50,54,F,105,70,135,315,1,"[3084,3164,3244]",4,14
"Female 3-Lift Equipped Masters 3 (50 – 54 years) 84KG",72,84,50,54,F,120,75,162,356,1,"[3094,3174,3254]",4,14
"Female 3-Lift Equipped Masters 3 (50 – 54 years) 100KG",84,100,50,54,F,135,90,160,385,1,"[3104,3184,3264]",4,14
"Female 3-Lift Equipped Masters 3 (50 – 54 years) 100+KG",100,500,50,54,F,170,105,175,425,1,"[3114,3194,3274]",4,14
"Female 3-Lift Equipped Masters 4 (55 – 59 years) 48KG",1,48,55,59,F,70,40,90,220,1,"[3044,3124,3204,3284]",4,14
"Female 3-Lift Equipped Masters 4 (55 – 59 years) 53KG",48,53,55,59,F,75,45,95,240,1,"[3054,3134,3214,3294]",4,14
"Female 3-Lift Equipped Masters 4 (55 – 59 years) 58KG",53,58,55,59,F,80,50,100,255,1,"[3064,3144,3224,3304]",4,14
"Female 3-Lift Equipped Masters 4 (55 – 59 years) 64KG",58,64,55,59,F,85,55,110,265,1,"[3074,3154,3234,3314]",4,14
"Female 3-Lift Equipped Masters 4 (55 – 59 years) 72KG",64,72,55,59,F,95,60,120,290,1,"[3084,3164,3244,3324]",4,14
"Female 3-Lift Equipped Masters 4 (55 – 59 years) 84KG",72,84,55,59,F,100,65,130,310,1,"[3094,3174,3254,3334]",4,14
"Female 3-Lift Equipped Masters 4 (55 – 59 years) 100KG",84,100,55,59,F,110,75,140,340,1,"[3104,3184,3264,3344]",4,14
"Female 3-Lift Equipped Masters 4 (55 – 59 years) 100+KG",100,500,55,59,F,120,80,160,360,1,"[3114,3194,3274,3354]",4,14
"Female 3-Lift Equipped Masters 5 (60 – 64 years) 48KG",1,48,60,64,F,65,37,85,180,1,"[3044,3124,3204,3284,3364]",4,14
"Female 3-Lift Equipped Masters 5 (60 – 64 years) 53KG",48,53,60,64,F,70,40,90,200,1,"[3054,3134,3214,3294,3374]",4,14
"Female 3-Lift Equipped Masters 5 (60 – 64 years) 58KG",53,58,60,64,F,75,45,95,220,1,"[3064,3144,3224,3304,3384]",4,14
"Female 3-Lift Equipped Masters 5 (60 – 64 years) 64KG",58,64,60,64,F,80,50,100,240,1,"[3074,3154,3234,3314,3394]",4,14
"Female 3-Lift Equipped Masters 5 (60 – 64 years) 72KG",64,72,60,64,F,85,55,110,270,1,"[3084,3164,3244,3324,3404]",4,14
"Female 3-Lift Equipped Masters 5 (60 – 64 years) 84KG",72,84,60,64,F,95,60,120,290,1,"[3094,3174,3254,3334,3414]",4,14
"Female 3-Lift Equipped Masters 5 (60 – 64 years) 100KG",84,100,60,64,F,100,65,130,310,1,"[3104,3184,3264,3344,3424]",4,14
"Female 3-Lift Equipped Masters 5 (60 – 64 years) 100+KG",100,500,60,64,F,110,75,140,330,1,"[3114,3194,3274,3354,3434]",4,14
"Female 3-Lift Equipped Masters 6 (65 – 69 years) 48KG",1,48,65,69,F,55,35,80,170,1,"[3044,3124,3204,3284,3364,3444]",4,14
"Female 3-Lift Equipped Masters 6 (65 – 69 years) 53KG",48,53,65,69,F,60,37,85,180,1,"[3054,3134,3214,3294,3374,3454]",4,14
"Female 3-Lift Equipped Masters 6 (65 – 69 years) 58KG",53,58,65,69,F,65,40,90,200,1,"[3064,3144,3224,3304,3384,3464]",4,14
"Female 3-Lift Equipped Masters 6 (65 – 69 years) 64KG",58,64,65,69,F,70,45,95,220,1,"[3074,3154,3234,3314,3394,3474]",4,14
"Female 3-Lift Equipped Masters 6 (65 – 69 years) 72KG",64,72,65,69,F,80,50,100,240,1,"[3084,3164,3244,3324,3404,3484]",4,14
"Female 3-Lift Equipped Masters 6 (65 – 69 years) 84KG",72,84,65,69,F,85,55,110,270,1,"[3094,3174,3254,3334,3414,3494]",4,14
"Female 3-Lift Equipped Masters 6 (65 – 69 years) 100KG",84,100,65,69,F,95,60,120,290,1,"[3104,3184,3264,3344,3424,3504]",4,14
"Female 3-Lift Equipped Masters 6 (65 – 69 years) 100+KG",100,500,65,69,F,100,65,130,310,1,"[3114,3194,3274,3354,3434,3514]",4,14
"Female 3-Lift Equipped Masters 7 (70 – 74 years) 48KG",1,48,70,74,F,50,32,70,155,1,"[3044,3124,3204,3284,3364,3444,3524]",4,14
"Female 3-Lift Equipped Masters 7 (70 – 74 years) 53KG",48,53,70,74,F,55,35,80,170,1,"[3054,3134,3214,3294,3374,3454,3534]",4,14
"Female 3-Lift Equipped Masters 7 (70 – 74 years) 58KG",53,58,70,74,F,60,37,85,180,1,"[3064,3144,3224,3304,3384,3464,3544]",4,14
"Female 3-Lift Equipped Masters 7 (70 – 74 years) 64KG",58,64,70,74,F,65,40,90,200,1,"[3074,3154,3234,3314,3394,3474,3554]",4,14
"Female 3-Lift Equipped Masters 7 (70 – 74 years) 72KG",64,72,70,74,F,70,45,95,220,1,"[3084,3164,3244,3324,3404,3484,3564]",4,14
"Female 3-Lift Equipped Masters 7 (70 – 74 years) 84KG",72,84,70,74,F,80,50,100,240,1,"[3094,3174,3254,3334,3414,3494,3574]",4,14
"Female 3-Lift Equipped Masters 7 (70 – 74 years) 100KG",84,100,70,74,F,85,55,110,270,1,"[3104,3184,3264,3344,3424,3504,3584]",4,14
"Female 3-Lift Equipped Masters 7 (70 – 74 years) 100+KG",100,500,70,74,F,95,60,120,290,1,"[3114,3194,3274,3354,3434,3514,3594]",4,14
"Female 3-Lift Equipped Masters 8 (75 – 79 years) 48KG",1,48,75,79,F,45,30,60,130,1,"[3044,3124,3204,3284,3364,3444,3524,3604]",4,14
"Female 3-Lift Equipped Masters 8 (75 – 79 years) 53KG",48,53,75,79,F,50,32,70,155,1,"[3054,3134,3214,3294,3374,3454,3534,3614]",4,14
"Female 3-Lift Equipped Masters 8 (75 – 79 years) 58KG",53,58,75,79,F,55,35,80,170,1,"[3064,3144,3224,3304,3384,3464,3544,3624]",4,14
"Female 3-Lift Equipped Masters 8 (75 – 79 years) 64KG",58,64,75,79,F,60,37,85,180,1,"[3074,3154,3234,3314,3394,3474,3554,3634]",4,14
"Female 3-Lift Equipped Masters 8 (75 – 79 years) 72KG",64,72,75,79,F,65,40,90,200,1,"[3084,3164,3244,3324,3404,3484,3564,3644]",4,14
"Female 3-Lift Equipped Masters 8 (75 – 79 years) 84KG",72,84,75,79,F,70,45,95,220,1,"[3094,3174,3254,3334,3414,3494,3574,3654]",4,14
"Female 3-Lift Equipped Masters 8 (75 – 79 years) 100KG",84,100,75,79,F,80,50,100,240,1,"[3104,3184,3264,3344,3424,3504,3584,3664]",4,14
"Female 3-Lift Equipped Masters 8 (75 – 79 years) 100+KG",100,500,75,79,F,85,55,110,270,1,"[3114,3194,3274,3354,3434,3514,3594,3674]",4,14
"Female 3-Lift Equipped Masters 9 (80+ years) 48KG",1,48,80,200,F,40,25,50,115,1,"[3044,3124,3204,3284,3364,3444,3524,3604,3684]",4,14
"Female 3-Lift Equipped Masters 9 (80+ years) 53KG",48,53,80,200,F,45,30,60,130,1,"[3054,3134,3214,3294,3374,3454,3534,3614,3694]",4,14
"Female 3-Lift Equipped Masters 9 (80+ years) 58KG",53,58,80,200,F,50,32,70,155,1,"[3064,3144,3224,3304,3384,3464,3544,3624,3704]",4,14
"Female 3-Lift Equipped Masters 9 (80+ years) 64KG",58,64,80,200,F,55,35,80,170,1,"[3074,3154,3234,3314,3394,3474,3554,3634,3714]",4,14
"Female 3-Lift Equipped Masters 9 (80+ years) 72KG",64,72,80,200,F,60,37,85,180,1,"[3084,3164,3244,3324,3404,3484,3564,3644,3724]",4,14
"Female 3-Lift Equipped Masters 9 (80+ years) 84KG",72,84,80,200,F,65,40,90,200,1,"[3094,3174,3254,3334,3414,3494,3574,3654,3734]",4,14
"Female 3-Lift Equipped Masters 9 (80+ years) 100KG",84,100,80,200,F,70,45,95.22,1,1,"[3104,3184,3264,3344,3424,3504,3584,3664,3744]",4,14
"Female 3-Lift Equipped Masters 9 (80+ years) 100+KG",100,500,80,200,F,80,50,100,240,1,"[3114,3194,3274,3354,3434,3514,3594,3674,3754]",4,14
"Male Bench Only Classic Youth (14 – 18 years) 56KG",1,56,14,18,M,0,65,0,0,1,,4,4
"Male Bench Only Classic Youth (14 – 18 years) 62KG",56,62,14,18,M,0,80,0,0,1,[4004],4,4
"Male Bench Only Classic Youth (14 – 18 years) 69KG",62,69,14,18,M,0,95,0,0,1,[4014],4,4
"Male Bench Only Classic Youth (14 – 18 years) 77KG",69,77,14,18,M,0,105,0,0,1,[4024],4,4
"Male Bench Only Classic Youth (14 – 18 years) 85KG",77,85,14,18,M,0,110,0,0,1,[4034],4,4
"Male Bench Only Classic Youth (14 – 18 years) 94KG",85,94,14,18,M,0,120,0,0,1,[4044],4,4
"Male Bench Only Classic Youth (14 – 18 years) 105KG",94,105,14,18,M,0,125,0,0,1,[4054],4,4
"Male Bench Only Classic Youth (14 – 18 years) 105+KG",105,500,14,18,M,0,135,0,0,1,,4,4
"Male Bench Only Classic Junior (19 – 23 years) 62KG",1,62,19,23,M,0,90,0,0,1,[4004],4,4
"Male Bench Only Classic Junior (19 – 23 years) 69KG",62,69,19,23,M,0,100,0,0,1,[4014],4,4
"Male Bench Only Classic Junior (19 – 23 years) 77KG",69,77,19,23,M,0,110,0,0,1,[4024],4,4
"Male Bench Only Classic Junior (19 – 23 years) 85KG",77,85,19,23,M,0,120,0,0,1,[4034],4,4
"Male Bench Only Classic Junior (19 – 23 years) 94KG",85,94,19,23,M,0,130,0,0,1,[4044],4,4
"Male Bench Only Classic Junior (19 – 23 years) 105KG",94,105,19,23,M,0,140,0,0,1,[4054],4,4
"Male Bench Only Classic Junior (19 – 23 years) 120KG",105,120,19,23,M,0,150,0,0,1,[4064],4,4
"Male Bench Only Classic Junior (19 – 23 years) 120+KG",120,500,19,23,M,0,160,0,0,1,[4074],4,4
"Male Bench Only Classic Open (24 – 39 years) 62KG",1,62,24,39,M,0,110,0,0,1,,4,4
"Male Bench Only Classic Open (24 – 39 years) 69KG",62,69,24,39,M,0,130,0,0,1,,4,4
"Male Bench Only Classic Open (24 – 39 years) 77KG",69,77,24,39,M,0,145,0,0,1,,4,4
"Male Bench Only Classic Open (24 – 39 years) 85KG",77,85,24,39,M,0,155,0,0,1,,4,4
"Male Bench Only Classic Open (24 – 39 years) 94KG",85,94,24,39,M,0,180,0,0,1,,4,4
"Male Bench Only Classic Open (24 – 39 years) 105KG",94,105,24,39,M,0,175,0,0,1,,4,4
"Male Bench Only Classic Open (24 – 39 years) 120KG",105,120,24,39,M,0,185,0,0,1,,4,4
"Male Bench Only Classic Open (24 – 39 years) 120+KG",120,500,24,39,M,0,195,0,0,1,,4,4
"Male Bench Only Classic Masters 1 (40 – 44 years) 62KG",1,62,40,44,M,0,90,0,0,1,[4004],4,4
"Male Bench Only Classic Masters 1 (40 – 44 years) 69KG",62,69,40,44,M,0,100,0,0,1,[4014],4,4
"Male Bench Only Classic Masters 1 (40 – 44 years) 77KG",69,77,40,44,M,0,110,0,0,1,[4024],4,4
"Male Bench Only Classic Masters 1 (40 – 44 years) 85KG",77,85,40,44,M,0,120,0,0,1,[4034],4,4
"Male Bench Only Classic Masters 1 (40 – 44 years) 94KG",85,94,40,44,M,0,153,0,0,1,[4044],4,4
"Male Bench Only Classic Masters 1 (40 – 44 years) 105KG",94,105,40,44,M,0,165,0,0,1,[4054],4,4
"Male Bench Only Classic Masters 1 (40 – 44 years) 120KG",105,120,40,44,M,0,156,0,0,1,[4064],4,4
"Male Bench Only Classic Masters 1 (40 – 44 years) 120+KG",120,500,40,44,M,0,255,0,0,1,[4074],4,4
"Male Bench Only Classic Masters 2 (45 – 49 years) 62KG",1,62,45,49,M,0,85,0,0,1,"[4004,4084]",4,4
"Male Bench Only Classic Masters 2 (45 – 49 years) 69KG",62,69,45,49,M,0,95,0,0,1,"[4014,4094]",4,4
"Male Bench Only Classic Masters 2 (45 – 49 years) 77KG",69,77,45,49,M,0,105,0,0,1,"[4024,4104]",4,4
"Male Bench Only Classic Masters 2 (45 – 49 years) 85KG",77,85,45,49,M,0,115,0,0,1,"[4034,4114]",4,4
"Male Bench Only Classic Masters 2 (45 – 49 years) 94KG",85,94,45,49,M,0,125,0,0,1,"[4044,4124]",4,4
"Male Bench Only Classic Masters 2 (45 – 49 years) 105KG",94,105,45,49,M,0,165,0,0,1,"[4054,4134]",4,4
"Male Bench Only Classic Masters 2 (45 – 49 years) 120KG",105,120,45,49,M,0,156,0,0,1,"[4064,4144]",4,4
"Male Bench Only Classic Masters 2 (45 – 49 years) 120+KG",120,500,45,49,M,0,255,0,0,1,"[4074,4154]",4,4
"Male Bench Only Classic Masters 3 (50 – 54 years) 62KG",1,62,50,54,M,0,80,0,0,1,"[4004,4084,4164]",4,4
"Male Bench Only Classic Masters 3 (50 – 54 years) 69KG",62,69,50,54,M,0,85,0,0,1,"[4014,4094,4174]",4,4
"Male Bench Only Classic Masters 3 (50 – 54 years) 77KG",69,77,50,54,M,0,95,0,0,1,"[4024,4104,4184]",4,4
"Male Bench Only Classic Masters 3 (50 – 54 years) 85KG",77,85,50,54,M,0,105,0,0,1,"[4034,4114,4194]",4,4
"Male Bench Only Classic Masters 3 (50 – 54 years) 94KG",85,94,50,54,M,0,115,0,0,1,"[4044,4124,4204]",4,4
"Male Bench Only Classic Masters 3 (50 – 54 years) 105KG",94,105,50,54,M,0,125,0,0,1,"[4054,4134,4214]",4,4
"Male Bench Only Classic Masters 3 (50 – 54 years) 120KG",105,120,50,54,M,0,156,0,0,1,"[4064,4144,4224]",4,4
"Male Bench Only Classic Masters 3 (50 – 54 years) 120+KG",120,500,50,54,M,0,145,0,0,1,"[4074,4154,4234]",4,4
"Male Bench Only Classic Masters 4 (55 – 59 years) 62KG",1,62,55,59,M,0,75,0,0,1,"[4004,4084,4164,4244]",4,4
"Male Bench Only Classic Masters 4 (55 – 59 years) 69KG",62,69,55,59,M,0,80,0,0,1,"[4014,4094,4174,4254]",4,4
"Male Bench Only Classic Masters 4 (55 – 59 years) 77KG",69,77,55,59,M,0,85,0,0,1,"[4024,4104,4184,4264]",4,4
"Male Bench Only Classic Masters 4 (55 – 59 years) 85KG",77,85,55,59,M,0,95,0,0,1,"[4034,4114,4194,4274]",4,4
"Male Bench Only Classic Masters 4 (55 – 59 years) 94KG",85,94,55,59,M,0,105,0,0,1,"[4044,4124,4204,4284]",4,4
"Male Bench Only Classic Masters 4 (55 – 59 years) 105KG",94,105,55,59,M,0,115,0,0,1,"[4054,4134,4214,4294]",4,4
"Male Bench Only Classic Masters 4 (55 – 59 years) 120KG",105,120,55,59,M,0,125,0,0,1,"[4064,4144,4224,4304]",4,4
"Male Bench Only Classic Masters 4 (55 – 59 years) 120+KG",120,500,55,59,M,0,135,0,0,1,"[4074,4154,4234,4314]",4,4
"Male Bench Only Classic Masters 5 (60 – 64 years) 62KG",1,62,60,64,M,0,70,0,0,1,"[4004,4084,4164,4244,4324]",4,4
"Male Bench Only Classic Masters 5 (60 – 64 years) 69KG",62,69,60,64,M,0,75,0,0,1,"[4014,4094,4174,4254,4334]",4,4
"Male Bench Only Classic Masters 5 (60 – 64 years) 77KG",69,77,60,64,M,0,80,0,0,1,"[4024,4104,4184,4264,4344]",4,4
"Male Bench Only Classic Masters 5 (60 – 64 years) 85KG",77,85,60,64,M,0,85,0,0,1,"[4034,4114,4194,4274,4354]",4,4
"Male Bench Only Classic Masters 5 (60 – 64 years) 94KG",85,94,60,64,M,0,95,0,0,1,"[4044,4124,4204,4284,4364]",4,4
"Male Bench Only Classic Masters 5 (60 – 64 years) 105KG",94,105,60,64,M,0,105,0,0,1,"[4054,4134,4214,4294,4374]",4,4
"Male Bench Only Classic Masters 5 (60 – 64 years) 120KG",105,120,60,64,M,0,110,0,0,1,"[4064,4144,4224,4304,4384]",4,4
"Male Bench Only Classic Masters 5 (60 – 64 years) 120+KG",120,500,60,64,M,0,115,0,0,1,"[4074,4154,4234,4314,4394]",4,4
"Male Bench Only Classic Masters 6 (65 – 69 years) 62KG",1,62,65,69,M,0,60,0,0,1,"[4004,4084,4164,4244,4324,4404]",4,4
"Male Bench Only Classic Masters 6 (65 – 69 years) 69KG",62,69,65,69,M,0,70,0,0,1,"[4014,4094,4174,4254,4334,4414]",4,4
"Male Bench Only Classic Masters 6 (65 – 69 years) 77KG",69,77,65,69,M,0,75,0,0,1,"[4024,4104,4184,4264,4344,4424]",4,4
"Male Bench Only Classic Masters 6 (65 – 69 years) 85KG",77,85,65,69,M,0,80,0,0,1,"[4034,4114,4194,4274,4354,4434]",4,4
"Male Bench Only Classic Masters 6 (65 – 69 years) 94KG",85,94,65,69,M,0,85,0,0,1,"[4044,4124,4204,4284,4364,4444]",4,4
"Male Bench Only Classic Masters 6 (65 – 69 years) 105KG",94,105,65,69,M,0,95,0,0,1,"[4054,4134,4214,4294,4374,4454]",4,4
"Male Bench Only Classic Masters 6 (65 – 69 years) 120KG",105,120,65,69,M,0,105,0,0,1,"[4064,4144,4224,4304,4384,4464]",4,4
"Male Bench Only Classic Masters 6 (65 – 69 years) 120+KG",120,500,65,69,M,0,110,0,0,1,"[4074,4154,4234,4314,4394,4474]",4,4
"Male Bench Only Classic Masters 7 (70 – 74 years) 62KG",1,62,70,74,M,0,55,0,0,1,"[4004,4084,4164,4244,4324,4404,4484]",4,4
"Male Bench Only Classic Masters 7 (70 – 74 years) 69KG",62,69,70,74,M,0,60,0,0,1,"[4014,4094,4174,4254,4334,4414,4494]",4,4
"Male Bench Only Classic Masters 7 (70 – 74 years) 77KG",69,77,70,74,M,0,70,0,0,1,"[4024,4104,4184,4264,4344,4424,4504]",4,4
"Male Bench Only Classic Masters 7 (70 – 74 years) 85KG",77,85,70,74,M,0,75,0,0,1,"[4034,4114,4194,4274,4354,4434,4514]",4,4
"Male Bench Only Classic Masters 7 (70 – 74 years) 94KG",85,94,70,74,M,0,80,0,0,1,"[4044,4124,4204,4284,4364,4444,4524]",4,4
"Male Bench Only Classic Masters 7 (70 – 74 years) 105KG",94,105,70,74,M,0,85,0,0,1,"[4054,4134,4214,4294,4374,4454,4534]",4,4
"Male Bench Only Classic Masters 7 (70 – 74 years) 120KG",105,120,70,74,M,0,95,0,0,1,"[4064,4144,4224,4304,4384,4464,4544]",4,4
"Male Bench Only Classic Masters 7 (70 – 74 years) 120+KG",120,500,70,74,M,0,100,0,0,1,"[4074,4154,4234,4314,4394,4474,4554]",4,4
"Male Bench Only Classic Masters 8 (75 – 79 years) 62KG",1,62,75,79,M,0,50,0,0,1,"[4004,4084,4164,4244,4324,4404,4484,4564]",4,4
"Male Bench Only Classic Masters 8 (75 – 79 years) 69KG",62,69,75,79,M,0,55,0,0,1,"[4014,4094,4174,4254,4334,4414,4494,4574]",4,4
"Male Bench Only Classic Masters 8 (75 – 79 years) 77KG",69,77,75,79,M,0,60,0,0,1,"[4024,4104,4184,4264,4344,4424,4504,4584]",4,4
"Male Bench Only Classic Masters 8 (75 – 79 years) 85KG",77,85,75,79,M,0,70,0,0,1,"[4034,4114,4194,4274,4354,4434,4514,4594]",4,4
"Male Bench Only Classic Masters 8 (75 – 79 years) 94KG",85,94,75,79,M,0,75,0,0,1,"[4044,4124,4204,4284,4364,4444,4524,4604]",4,4
"Male Bench Only Classic Masters 8 (75 – 79 years) 105KG",94,105,75,79,M,0,80,0,0,1,"[4054,4134,4214,4294,4374,4454,4534,4614]",4,4
"Male Bench Only Classic Masters 8 (75 – 79 years) 120KG",105,120,75,79,M,0,85,0,0,1,"[4064,4144,4224,4304,4384,4464,4544,4624]",4,4
"Male Bench Only Classic Masters 8 (75 – 79 years) 120+KG",120,500,75,79,M,0,95,0,0,1,"[4074,4154,4234,4314,4394,4474,4554,4634]",4,4
"Male Bench Only Classic Masters 9 (80+ years) 62KG",1,62,80,200,M,0,45,0,0,1,"[4004,4084,4164,4244,4324,4404,4484,4564,4644]",4,4
"Male Bench Only Classic Masters 9 (80+ years) 69KG",62,69,80,200,M,0,50,0,0,1,"[4014,4094,4174,4254,4334,4414,4494,4574,4654]",4,4
"Male Bench Only Classic Masters 9 (80+ years) 77KG",69,77,80,200,M,0,55,0,0,1,"[4024,4104,4184,4264,4344,4424,4504,4584,4664]",4,4
"Male Bench Only Classic Masters 9 (80+ years) 85KG",77,85,80,200,M,0,60,0,0,1,"[4034,4114,4194,4274,4354,4434,4514,4594,4674]",4,4
"Male Bench Only Classic Masters 9 (80+ years) 94KG",85,94,80,200,M,0,70,0,0,1,"[4044,4124,4204,4284,4364,4444,4524,4604,4684]",4,4
"Male Bench Only Classic Masters 9 (80+ years) 105KG",94,105,80,200,M,0,75,0,0,1,"[4054,4134,4214,4294,4374,4454,4534,4614,4694]",4,4
"Male Bench Only Classic Masters 9 (80+ years) 120KG",105,120,80,200,M,0,80,0,0,1,"[4064,4144,4224,4304,4384,4464,4544,4624,4704]",4,4
"Male Bench Only Classic Masters 9 (80+ years) 120+KG",120,500,80,200,M,0,85,0,0,1,"[4074,4154,4234,4314,4394,4474,4554,4634,4714]",4,4
"Male Bench Only Equipped Youth (14 – 18 years) 56KG",1,56,14,18,M,0,65,0,0,1,,4,14
"Male Bench Only Equipped Youth (14 – 18 years) 62KG",56,62,14,18,M,0,85,0,0,1,[4964],4,14
"Male Bench Only Equipped Youth (14 – 18 years) 69KG",62,69,14,18,M,0,105,0,0,1,[4974],4,14
"Male Bench Only Equipped Youth (14 – 18 years) 77KG",69,77,14,18,M,0,115,0,0,1,[4984],4,14
"Male Bench Only Equipped Youth (14 – 18 years) 85KG",77,85,14,18,M,0,130,0,0,1,[4994],4,14
"Male Bench Only Equipped Youth (14 – 18 years) 94KG",85,94,14,18,M,0,135,0,0,1,[5004],4,14
"Male Bench Only Equipped Youth (14 – 18 years) 105KG",94,105,14,18,M,0,145,0,0,1,[5014],4,14
"Male Bench Only Equipped Youth (14 – 18 years) 105+KG",105,500,14,18,M,0,150,0,0,1,,4,14
"Male Bench Only Equipped Junior (19 – 23 years) 62KG",1,62,19,23,M,0,100,0,0,1,[4964],4,14
"Male Bench Only Equipped Junior (19 – 23 years) 69KG",62,69,19,23,M,0,110,0,0,1,[4974],4,14
"Male Bench Only Equipped Junior (19 – 23 years) 77KG",69,77,19,23,M,0,120,0,0,1,[4984],4,14
"Male Bench Only Equipped Junior (19 – 23 years) 85KG",77,85,19,23,M,0,130,0,0,1,[4994],4,14
"Male Bench Only Equipped Junior (19 – 23 years) 94KG",85,94,19,23,M,0,140,0,0,1,[5004],4,14
"Male Bench Only Equipped Junior (19 – 23 years) 105KG",94,105,19,23,M,0,150,0,0,1,[5014],4,14
"Male Bench Only Equipped Junior (19 – 23 years) 120KG",105,120,19,23,M,0,160,0,0,1,[5024],4,14
"Male Bench Only Equipped Junior (19 – 23 years) 120+KG",120,500,19,23,M,0,170,0,0,1,[5034],4,14
"Male Bench Only Equipped Open (24 – 39 years) 62KG",1,62,24,39,M,0,110,0,0,1,,4,14
"Male Bench Only Equipped Open (24 – 39 years) 69KG",62,69,24,39,M,0,130,0,0,1,,4,14
"Male Bench Only Equipped Open (24 – 39 years) 77KG",69,77,24,39,M,0,150,0,0,1,,4,14
"Male Bench Only Equipped Open (24 – 39 years) 85KG",77,85,24,39,M,0,170,0,0,1,,4,14
"Male Bench Only Equipped Open (24 – 39 years) 94KG",85,94,24,39,M,0,190,0,0,1,,4,14
"Male Bench Only Equipped Open (24 – 39 years) 105KG",94,105,24,39,M,0,230,0,0,1,,4,14
"Male Bench Only Equipped Open (24 – 39 years) 120KG",105,120,24,39,M,0,230,0,0,1,,4,14
"Male Bench Only Equipped Open (24 – 39 years) 120+KG",120,500,24,39,M,0,295,0,0,1,,4,14
"Male Bench Only Equipped Masters 1 (40 – 44 years) 62KG",1,62,40,44,M,0,100,0,0,1,[4964],4,14
"Male Bench Only Equipped Masters 1 (40 – 44 years) 69KG",62,69,40,44,M,0,110,0,0,1,[4974],4,14
"Male Bench Only Equipped Masters 1 (40 – 44 years) 77KG",69,77,40,44,M,0,120,0,0,1,[4984],4,14
"Male Bench Only Equipped Masters 1 (40 – 44 years) 85KG",77,85,40,44,M,0,130,0,0,1,[4994],4,14
"Male Bench Only Equipped Masters 1 (40 – 44 years) 94KG",85,94,40,44,M,0,140,0,0,1,[5004],4,14
"Male Bench Only Equipped Masters 1 (40 – 44 years) 105KG",94,105,40,44,M,0,150,0,0,1,[5014],4,14
"Male Bench Only Equipped Masters 1 (40 – 44 years) 120KG",105,120,40,44,M,0,160,0,0,1,[5024],4,14
"Male Bench Only Equipped Masters 1 (40 – 44 years) 120+KG",120,500,40,44,M,0,295,0,0,1,[5034],4,14
"Male Bench Only Equipped Masters 2 (45 – 49 years) 62KG",1,62,45,49,M,0,90,0,0,1,"[4964,5044]",4,14
"Male Bench Only Equipped Masters 2 (45 – 49 years) 69KG",62,69,45,49,M,0,100,0,0,1,"[4974,5054]",4,14
"Male Bench Only Equipped Masters 2 (45 – 49 years) 77KG",69,77,45,49,M,0,110,0,0,1,"[4984,5064]",4,14
"Male Bench Only Equipped Masters 2 (45 – 49 years) 85KG",77,85,45,49,M,0,120,0,0,1,"[4994,5074]",4,14
"Male Bench Only Equipped Masters 2 (45 – 49 years) 94KG",85,94,45,49,M,0,130,0,0,1,"[5004,5084]",4,14
"Male Bench Only Equipped Masters 2 (45 – 49 years) 105KG",94,105,45,49,M,0,140,0,0,1,"[5014,5094]",4,14
"Male Bench Only Equipped Masters 2 (45 – 49 years) 120KG",105,120,45,49,M,0,150,0,0,1,"[5024,5104]",4,14
"Male Bench Only Equipped Masters 2 (45 – 49 years) 120+KG",120,500,45,49,M,0,295,0,0,1,"[5034,5114]",4,14
"Male Bench Only Equipped Masters 3 (50 – 54 years) 62KG",1,62,50,54,M,0,85,0,0,1,"[4964,5044,5124]",4,14
"Male Bench Only Equipped Masters 3 (50 – 54 years) 69KG",62,69,50,54,M,0,90,0,0,1,"[4974,5054,5134]",4,14
"Male Bench Only Equipped Masters 3 (50 – 54 years) 77KG",69,77,50,54,M,0,100,0,0,1,"[4984,5064,5144]",4,14
"Male Bench Only Equipped Masters 3 (50 – 54 years) 85KG",77,85,50,54,M,0,110,0,0,1,"[4994,5074,5154]",4,14
"Male Bench Only Equipped Masters 3 (50 – 54 years) 94KG",85,94,50,54,M,0,125,0,0,1,"[5004,5084,5164]",4,14
"Male Bench Only Equipped Masters 3 (50 – 54 years) 105KG",94,105,50,54,M,0,130,0,0,1,"[5014,5094,5174]",4,14
"Male Bench Only Equipped Masters 3 (50 – 54 years) 120KG",105,120,50,54,M,0,150,0,0,1,"[5024,5104,5184]",4,14
"Male Bench Only Equipped Masters 3 (50 – 54 years) 120+KG",120,500,50,54,M,0,150,0,0,1,"[5034,5114,5194]",4,14
"Male Bench Only Equipped Masters 4 (55 – 59 years) 62KG",1,62,55,59,M,0,80,0,0,1,"[4964,5044,5124,5204]",4,14
"Male Bench Only Equipped Masters 4 (55 – 59 years) 69KG",62,69,55,59,M,0,85,0,0,1,"[4974,5054,5134,5214]",4,14
"Male Bench Only Equipped Masters 4 (55 – 59 years) 77KG",69,77,55,59,M,0,90,0,0,1,"[4984,5064,5144,5224]",4,14
"Male Bench Only Equipped Masters 4 (55 – 59 years) 85KG",77,85,55,59,M,0,100,0,0,1,"[4994,5074,5154,5234]",4,14
"Male Bench Only Equipped Masters 4 (55 – 59 years) 94KG",85,94,55,59,M,0,110,0,0,1,"[5004,5084,5164,5244]",4,14
"Male Bench Only Equipped Masters 4 (55 – 59 years) 105KG",94,105,55,59,M,0,125,0,0,1,"[5014,5094,5174,5254]",4,14
"Male Bench Only Equipped Masters 4 (55 – 59 years) 120KG",105,120,55,59,M,0,150,0,0,1,"[5024,5104,5184,5264]",4,14
"Male Bench Only Equipped Masters 4 (55 – 59 years) 120+KG",120,500,55,59,M,0,140,0,0,1,"[5034,5114,5194,5274]",4,14
"Male Bench Only Equipped Masters 5 (60 – 64 years) 62KG",1,62,60,64,M,0,75,0,0,1,"[4964,5044,5124,5204,5284]",4,14
"Male Bench Only Equipped Masters 5 (60 – 64 years) 69KG",62,69,60,64,M,0,80,0,0,1,"[4974,5054,5134,5214,5294]",4,14
"Male Bench Only Equipped Masters 5 (60 – 64 years) 77KG",69,77,60,64,M,0,90,0,0,1,"[4984,5064,5144,5224,5304]",4,14
"Male Bench Only Equipped Masters 5 (60 – 64 years) 85KG",77,85,60,64,M,0,90,0,0,1,"[4994,5074,5154,5234,5314]",4,14
"Male Bench Only Equipped Masters 5 (60 – 64 years) 94KG",85,94,60,64,M,0,125,0,0,1,"[5004,5084,5164,5244,5324]",4,14
"Male Bench Only Equipped Masters 5 (60 – 64 years) 105KG",94,105,60,64,M,0,110,0,0,1,"[5014,5094,5174,5254,5334]",4,14
"Male Bench Only Equipped Masters 5 (60 – 64 years) 120KG",105,120,60,64,M,0,115,0,0,1,"[5024,5104,5184,5264,5344]",4,14
"Male Bench Only Equipped Masters 5 (60 – 64 years) 120+KG",120,500,60,64,M,0,120,0,0,1,"[5034,5114,5194,5274,5354]",4,14
"Male Bench Only Equipped Masters 6 (65 – 69 years) 62KG",1,62,65,69,M,0,70,0,0,1,"[4964,5044,5124,5204,5284,5364]",4,14
"Male Bench Only Equipped Masters 6 (65 – 69 years) 69KG",62,69,65,69,M,0,75,0,0,1,"[4974,5054,5134,5214,5294,5374]",4,14
"Male Bench Only Equipped Masters 6 (65 – 69 years) 77KG",69,77,65,69,M,0,80,0,0,1,"[4984,5064,5144,5224,5304,5384]",4,14
"Male Bench Only Equipped Masters 6 (65 – 69 years) 85KG",77,85,65,69,M,0,85,0,0,1,"[4994,5074,5154,5234,5314,5394]",4,14
"Male Bench Only Equipped Masters 6 (65 – 69 years) 94KG",85,94,65,69,M,0,125,0,0,1,"[5004,5084,5164,5244,5324,5404]",4,14
"Male Bench Only Equipped Masters 6 (65 – 69 years) 105KG",94,105,65,69,M,0,100,0,0,1,"[5014,5094,5174,5254,5334,5414]",4,14
"Male Bench Only Equipped Masters 6 (65 – 69 years) 120KG",105,120,65,69,M,0,110,0,0,1,"[5024,5104,5184,5264,5344,5424]",4,14
"Male Bench Only Equipped Masters 6 (65 – 69 years) 120+KG",120,500,65,69,M,0,115,0,0,1,"[5034,5114,5194,5274,5354,5434]",4,14
"Male Bench Only Equipped Masters 7 (70 – 74 years) 62KG",1,62,70,74,M,0,65,0,0,1,"[4964,5044,5124,5204,5284,5364,5444]",4,14
"Male Bench Only Equipped Masters 7 (70 – 74 years) 69KG",62,69,70,74,M,0,70,0,0,1,"[4974,5054,5134,5214,5294,5374,5454]",4,14
"Male Bench Only Equipped Masters 7 (70 – 74 years) 77KG",69,77,70,74,M,0,75,0,0,1,"[4984,5064,5144,5224,5304,5384,5464]",4,14
"Male Bench Only Equipped Masters 7 (70 – 74 years) 85KG",77,85,70,74,M,0,80,0,0,1,"[4994,5074,5154,5234,5314,5394,5474]",4,14
"Male Bench Only Equipped Masters 7 (70 – 74 years) 94KG",85,94,70,74,M,0,85,0,0,1,"[5004,5084,5164,5244,5324,5404,5484]",4,14
"Male Bench Only Equipped Masters 7 (70 – 74 years) 105KG",94,105,70,74,M,0,90,0,0,1,"[5014,5094,5174,5254,5334,5414,5494]",4,14
"Male Bench Only Equipped Masters 7 (70 – 74 years) 120KG",105,120,70,74,M,0,100,0,0,1,"[5024,5104,5184,5264,5344,5424,5504]",4,14
"Male Bench Only Equipped Masters 7 (70 – 74 years) 120+KG",120,500,70,74,M,0,110,0,0,1,"[5034,5114,5194,5274,5354,5434,5514]",4,14
"Male Bench Only Equipped Masters 8 (75 – 79 years) 62KG",1,62,75,79,M,0,60,0,0,1,"[4964,5044,5124,5204,5284,5364,5444,5524]",4,14
"Male Bench Only Equipped Masters 8 (75 – 79 years) 69KG",62,69,75,79,M,0,65,0,0,1,"[4974,5054,5134,5214,5294,5374,5454,5534]",4,14
"Male Bench Only Equipped Masters 8 (75 – 79 years) 77KG",69,77,75,79,M,0,70,0,0,1,"[4984,5064,5144,5224,5304,5384,5464,5544]",4,14
"Male Bench Only Equipped Masters 8 (75 – 79 years) 85KG",77,85,75,79,M,0,75,0,0,1,"[4994,5074,5154,5234,5314,5394,5474,5554]",4,14
"Male Bench Only Equipped Masters 8 (75 – 79 years) 94KG",85,94,75,79,M,0,80,0,0,1,"[5004,5084,5164,5244,5324,5404,5484,5564]",4,14
"Male Bench Only Equipped Masters 8 (75 – 79 years) 105KG",94,105,75,79,M,0,85,0,0,1,"[5014,5094,5174,5254,5334,5414,5494,5574]",4,14
"Male Bench Only Equipped Masters 8 (75 – 79 years) 120KG",105,120,75,79,M,0,90,0,0,1,"[5024,5104,5184,5264,5344,5424,5504,5584]",4,14
"Male Bench Only Equipped Masters 8 (75 – 79 years) 120+KG",120,500,75,79,M,0,100,0,0,1,"[5034,5114,5194,5274,5354,5434,5514,5594]",4,14
"Male Bench Only Equipped Masters 9 (80+ years) 62KG",1,62,80,200,M,0,50,0,0,1,"[4964,5044,5124,5204,5284,5364,5444,5524,5604]",4,14
"Male Bench Only Equipped Masters 9 (80+ years) 69KG",62,69,80,200,M,0,60,0,0,1,"[4974,5054,5134,5214,5294,5374,5454,5534,5614]",4,14
"Male Bench Only Equipped Masters 9 (80+ years) 77KG",69,77,80,200,M,0,65,0,0,1,"[4984,5064,5144,5224,5304,5384,5464,5544,5624]",4,14
"Male Bench Only Equipped Masters 9 (80+ years) 85KG",77,85,80,200,M,0,70,0,0,1,"[4994,5074,5154,5234,5314,5394,5474,5554,5634]",4,14
"Male Bench Only Equipped Masters 9 (80+ years) 94KG",85,94,80,200,M,0,75,0,0,1,"[5004,5084,5164,5244,5324,5404,5484,5564,5644]",4,14
"Male Bench Only Equipped Masters 9 (80+ years) 105KG",94,105,80,200,M,0,80,0,0,1,"[5014,5094,5174,5254,5334,5414,5494,5574,5654]",4,14
"Male Bench Only Equipped Masters 9 (80+ years) 120KG",105,120,80,200,M,0,85,0,0,1,"[5024,5104,5184,5264,5344,5424,5504,5584,5664]",4,14
"Male Bench Only Equipped Masters 9 (80+ years) 120+KG",120,500,80,200,M,0,90,0,0,1,"[5034,5114,5194,5274,5354,5434,5514,5594,5674]",4,14
"Male 3 Lift Classic Youth (14 – 18 years) 56KG",1,56,14,18,M,130,80,140,340,1,,4,4
"Male 3 Lift Classic Youth (14 – 18 years) 62KG",56,62,14,18,M,140,90,160,380,1,[5924],4,4
"Male 3 Lift Classic Youth (14 – 18 years) 69KG",62,69,14,18,M,155,100,170,425,1,[5934],4,4
"Male 3 Lift Classic Youth (14 – 18 years) 77KG",69,77,14,18,M,165,110,215,477,1,[5944],4,4
"Male 3 Lift Classic Youth (14 – 18 years) 85KG",77,85,14,18,M,175,127,240,542,1,[5954],4,4
"Male 3 Lift Classic Youth (14 – 18 years) 94KG",85,94,14,18,M,185,130,195,500,1,[5964],4,4
"Male 3 Lift Classic Youth (14 – 18 years) 105KG",94,105,14,18,M,195,135,205,515,1,[5974],4,4
"Male 3 Lift Classic Youth (14 – 18 years) 105+KG",105,500,14,18,M,205,140,215,530,1,,4,4
"Male 3 Lift Classic Junior (19 – 23 years) 62KG",1,62,19,23,M,142,90,155,370,1,[5924],4,4
"Male 3 Lift Classic Junior (19 – 23 years) 69KG",62,69,19,23,M,150,100,167,410,1,[5934],4,4
"Male 3 Lift Classic Junior (19 – 23 years) 77KG",69,77,19,23,M,183,111,241,535,1,[5944],4,4
"Male 3 Lift Classic Junior (19 – 23 years) 85KG",77,85,19,23,M,172,120,187,470,1,[5954],4,4
"Male 3 Lift Classic Junior (19 – 23 years) 94KG",85,94,19,23,M,180,130,197,500,1,[5964],4,4
"Male 3 Lift Classic Junior (19 – 23 years) 105KG",94,105,19,23,M,192,140,207,530,1,[5974],4,4
"Male 3 Lift Classic Junior (19 – 23 years) 120KG",105,120,19,23,M,205,150,220,550,1,[5984],4,4
"Male 3 Lift Classic Junior (19 – 23 years) 120+KG",120,500,19,23,M,220,155,235,575,1,[5994],4,4
"Male 3 Lift Classic Open (24 – 39 years) 62KG",1,62,24,39,M,170,110,190,460,1,,4,4
"Male 3 Lift Classic Open (24 – 39 years) 69KG",62,69,24,39,M,180,125,200,500,1,,4,4
"Male 3 Lift Classic Open (24 – 39 years) 77KG",69,77,24,39,M,207,137,260,565,1,,4,4
"Male 3 Lift Classic Open (24 – 39 years) 85KG",77,85,24,39,M,215,155,240,600,1,,4,4
"Male 3 Lift Classic Open (24 – 39 years) 94KG",85,94,24,39,M,230,165,250,640,1,,4,4
"Male 3 Lift Classic Open (24 – 39 years) 105KG",94,105,24,39,M,260,180,268,700,1,,4,4
"Male 3 Lift Classic Open (24 – 39 years) 120KG",105,120,24,39,M,300,215,327,797,1,,4,4
"Male 3 Lift Classic Open (24 – 39 years) 120+KG",120,500,24,39,M,280,205,300,745,1,,4,4
"Male 3 Lift Classic Masters 1 (40 – 44 years) 62KG",1,62,40,44,M,145,92,160,375,1,[5924],4,4
"Male 3 Lift Classic Masters 1 (40 – 44 years) 69KG",62,69,40,44,M,150,105,170,415,1,[5934],4,4
"Male 3 Lift Classic Masters 1 (40 – 44 years) 77KG",69,77,40,44,M,165,115,185,450,1,[5944],4,4
"Male 3 Lift Classic Masters 1 (40 – 44 years) 85KG",77,85,40,44,M,202,155,220,565,1,[5954],4,4
"Male 3 Lift Classic Masters 1 (40 – 44 years) 94KG",85,94,40,44,M,205,130,220,580,1,[5964],4,4
"Male 3 Lift Classic Masters 1 (40 – 44 years) 105KG",94,105,40,44,M,208,135,230,580,1,[5974],4,4
"Male 3 Lift Classic Masters 1 (40 – 44 years) 120KG",105,120,40,44,M,220,145,250,600,1,[5984],4,4
"Male 3 Lift Classic Masters 1 (40 – 44 years) 120+KG",120,500,40,44,M,230,150,260,610,1,[5994],4,4
"Male 3 Lift Classic Masters 2 (45 – 49 years) 62KG",1,62,45,49,M,135,85,150,355,1,"[5924,6004]",4,4
"Male 3 Lift Classic Masters 2 (45 – 49 years) 69KG",62,69,45,49,M,140,100,162,390,1,"[5934,6014]",4,4
"Male 3 Lift Classic Masters 2 (45 – 49 years) 77KG",69,77,45,49,M,155,107,170,425,1,"[5944,6024]",4,4
"Male 3 Lift Classic Masters 2 (45 – 49 years) 85KG",77,85,45,49,M,165,115,175,455,1,"[5954,6034]",4,4
"Male 3 Lift Classic Masters 2 (45 – 49 years) 94KG",85,94,45,49,M,170,125,185,465,1,"[5964,6044]",4,4
"Male 3 Lift Classic Masters 2 (45 – 49 years) 105KG",94,105,45,49,M,208,130,200,480,1,"[5974,6054]",4,4
"Male 3 Lift Classic Masters 2 (45 – 49 years) 120KG",105,120,45,49,M,215,140,210,500,1,"[5984,6064]",4,4
"Male 3 Lift Classic Masters 2 (45 – 49 years) 120+KG",120,500,45,49,M,200,145,220,565,1,"[5994,6074]",4,4
"Male 3 Lift Classic Masters 3 (50 – 54 years) 62KG",1,62,50,54,M,125,80,125,330,1,"[5924,6004,6084]",4,4
"Male 3 Lift Classic Masters 3 (50 – 54 years) 69KG",62,69,50,54,M,130,90,130,345,1,"[5934,6014,6094]",4,4
"Male 3 Lift Classic Masters 3 (50 – 54 years) 77KG",69,77,50,54,M,140,100,185,360,1,"[5944,6024,6104]",4,4
"Male 3 Lift Classic Masters 3 (50 – 54 years) 85KG",77,85,50,54,M,150,105,150,395,1,"[5954,6034,6114]",4,4
"Male 3 Lift Classic Masters 3 (50 – 54 years) 94KG",85,94,50,54,M,160,110,160,420,1,"[5964,6044,6124]",4,4
"Male 3 Lift Classic Masters 3 (50 – 54 years) 105KG",94,105,50,54,M,165,111,180,440,1,"[5974,6054,6134]",4,4
"Male 3 Lift Classic Masters 3 (50 – 54 years) 120KG",105,120,50,54,M,170,120,185,450,1,"[5984,6064,6144]",4,4
"Male 3 Lift Classic Masters 3 (50 – 54 years) 120+KG",120,500,50,54,M,175,135,190,500,1,"[5994,6074,6154]",4,4
"Male 3 Lift Classic Masters 4 (55 – 59 years) 62KG",1,62,55,59,M,105,75,120,310,1,"[5924,6004,6084,6164]",4,4
"Male 3 Lift Classic Masters 4 (55 – 59 years) 69KG",62,69,55,59,M,115,85,130,330,1,"[5934,6014,6094,6174]",4,4
"Male 3 Lift Classic Masters 4 (55 – 59 years) 77KG",69,77,55,59,M,140,90,185,412,1,"[5944,6024,6104,6184]",4,4
"Male 3 Lift Classic Masters 4 (55 – 59 years) 85KG",77,85,55,59,M,130,95,155,380,1,"[5954,6034,6114,6194]",4,4
"Male 3 Lift Classic Masters 4 (55 – 59 years) 94KG",85,94,55,59,M,170,115,185,470,1,"[5964,6044,6124,6204]",4,4
"Male 3 Lift Classic Masters 4 (55 – 59 years) 105KG",94,105,55,59,M,205,115,268,580,1,"[5974,6054,6134,6214]",4,4
"Male 3 Lift Classic Masters 4 (55 – 59 years) 120KG",105,120,55,59,M,165,115,208,458,1,"[5984,6064,6144,6224]",4,4
"Male 3 Lift Classic Masters 4 (55 – 59 years) 120+KG",120,500,55,59,M,170,120,195,485,1,"[5994,6074,6154,6234]",4,4
"Male 3 Lift Classic Masters 5 (60 – 64 years) 62KG",1,62,60,64,M,105,65,115,282,1,"[5924,6004,6084,6164,6244]",4,4
"Male 3 Lift Classic Masters 5 (60 – 64 years) 69KG",62,69,60,64,M,110,75,120,310,1,"[5934,6014,6094,6174,6254]",4,4
"Male 3 Lift Classic Masters 5 (60 – 64 years) 77KG",69,77,60,64,M,140,87,185,412,1,"[5944,6024,6104,6184,6264]",4,4
"Male 3 Lift Classic Masters 5 (60 – 64 years) 85KG",77,85,60,64,M,125,85,140,360,1,"[5954,6034,6114,6194,6274]",4,4
"Male 3 Lift Classic Masters 5 (60 – 64 years) 94KG",85,94,60,64,M,170,115,185,470,1,"[5964,6044,6124,6204,6284]",4,4
"Male 3 Lift Classic Masters 5 (60 – 64 years) 105KG",94,105,60,64,M,145,95,160,400,1,"[5974,6054,6134,6214,6294]",4,4
"Male 3 Lift Classic Masters 5 (60 – 64 years) 120KG",105,120,60,64,M,165,100,208,458,1,"[5984,6064,6144,6224,6304]",4,4
"Male 3 Lift Classic Masters 5 (60 – 64 years) 120+KG",120,500,60,64,M,167,105,180,455,1,"[5994,6074,6154,6234,6314]",4,4
"Male 3 Lift Classic Masters 6 (65 – 69 years) 62KG",1,62,65,69,M,95,60,110,255,1,"[5924,6004,6084,6164,6244,6324]",4,4
"Male 3 Lift Classic Masters 6 (65 – 69 years) 69KG",62,69,65,69,M,100,70,115,290,1,"[5934,6014,6094,6174,6254,6334]",4,4
"Male 3 Lift Classic Masters 6 (65 – 69 years) 77KG",69,77,65,69,M,110,75,125,310,1,"[5944,6024,6104,6184,6264,6344]",4,4
"Male 3 Lift Classic Masters 6 (65 – 69 years) 85KG",77,85,65,69,M,120,80,130,330,1,"[5954,6034,6114,6194,6274,6354]",4,4
"Male 3 Lift Classic Masters 6 (65 – 69 years) 94KG",85,94,65,69,M,170,115,185,470,1,"[5964,6044,6124,6204,6284,6364]",4,4
"Male 3 Lift Classic Masters 6 (65 – 69 years) 105KG",94,105,65,69,M,135,90,145,370,1,"[5974,6054,6134,6214,6294,6374]",4,4
"Male 3 Lift Classic Masters 6 (65 – 69 years) 120KG",105,120,65,69,M,140,95,155,390,1,"[5984,6064,6144,6224,6304,6384]",4,4
"Male 3 Lift Classic Masters 6 (65 – 69 years) 120+KG",120,500,65,69,M,155,100,165,420,1,"[5994,6074,6154,6234,6314,6394]",4,4
"Male 3 Lift Classic Masters 7 (70 – 74 years) 62KG",1,62,70,74,M,90,55,100,245,1,"[5924,6004,6084,6164,6244,6324,6404]",4,4
"Male 3 Lift Classic Masters 7 (70 – 74 years) 69KG",62,69,70,74,M,95,60,105,260,1,"[5934,6014,6094,6174,6254,6334,6414]",4,4
"Male 3 Lift Classic Masters 7 (70 – 74 years) 77KG",69,77,70,74,M,105,65,115,285,1,"[5944,6024,6104,6184,6264,6344,6424]",4,4
"Male 3 Lift Classic Masters 7 (70 – 74 years) 85KG",77,85,70,74,M,105,70,120,300,1,"[5954,6034,6114,6194,6274,6354,6434]",4,4
"Male 3 Lift Classic Masters 7 (70 – 74 years) 94KG",85,94,70,74,M,115,80,125,320,1,"[5964,6044,6124,6204,6284,6364,6444]",4,4
"Male 3 Lift Classic Masters 7 (70 – 74 years) 105KG",94,105,70,74,M,125,85,135,225,1,"[5974,6054,6134,6214,6294,6374,6454]",4,4
"Male 3 Lift Classic Masters 7 (70 – 74 years) 120KG",105,120,70,74,M,135,90,145,365,1,"[5984,6064,6144,6224,6304,6384,6464]",4,4
"Male 3 Lift Classic Masters 7 (70 – 74 years) 120+KG",120,500,70,74,M,140,95,150,385,1,"[5994,6074,6154,6234,6314,6394,6474]",4,4
"Male 3 Lift Classic Masters 8 (75 – 79 years) 62KG",1,62,75,79,M,85,50,95,220,1,"[5924,6004,6084,6164,6244,6324,6404,6484]",4,4
"Male 3 Lift Classic Masters 8 (75 – 79 years) 69KG",62,69,75,79,M,90,55,100,245,1,"[5934,6014,6094,6174,6254,6334,6414,6494]",4,4
"Male 3 Lift Classic Masters 8 (75 – 79 years) 77KG",69,77,75,79,M,100,60,105,265,1,"[5944,6024,6104,6184,6264,6344,6424,6504]",4,4
"Male 3 Lift Classic Masters 8 (75 – 79 years) 85KG",77,85,75,79,M,105,70,115,290,1,"[5954,6034,6114,6194,6274,6354,6434,6514]",4,4
"Male 3 Lift Classic Masters 8 (75 – 79 years) 94KG",85,94,75,79,M,110,75,120,305,1,"[5964,6044,6124,6204,6284,6364,6444,6524]",4,4
"Male 3 Lift Classic Masters 8 (75 – 79 years) 105KG",94,105,75,79,M,115,80,125,320,1,"[5974,6054,6134,6214,6294,6374,6454,6534]",4,4
"Male 3 Lift Classic Masters 8 (75 – 79 years) 120KG",105,120,75,79,M,125,85,130,345,1,"[5984,6064,6144,6224,6304,6384,6464,6544]",4,4
"Male 3 Lift Classic Masters 8 (75 – 79 years) 120+KG",120,500,75,79,M,130,90,140,360,1,"[5994,6074,6154,6234,6314,6394,6474,6554]",4,4
"Male 3 Lift Classic Masters 9 (80+ years) 62KG",1,62,80,200,M,75,45,85,205,1,"[5924,6004,6084,6164,6244,6324,6404,6484,6564]",4,4
"Male 3 Lift Classic Masters 9 (80+ years) 69KG",62,69,80,200,M,80,50,90,230,1,"[5934,6014,6094,6174,6254,6334,6414,6494,6574]",4,4
"Male 3 Lift Classic Masters 9 (80+ years) 77KG",69,77,80,200,M,85,55,100,240,1,"[5944,6024,6104,6184,6264,6344,6424,6504,6584]",4,4
"Male 3 Lift Classic Masters 9 (80+ years) 85KG",77,85,80,200,M,90,60,105,255,1,"[5954,6034,6114,6194,6274,6354,6434,6514,6594]",4,4
"Male 3 Lift Classic Masters 9 (80+ years) 94KG",85,94,80,200,M,95,65,110,270,1,"[5964,6044,6124,6204,6284,6364,6444,6524,6604]",4,4
"Male 3 Lift Classic Masters 9 (80+ years) 105KG",94,105,80,200,M,105,70,120,295,1,"[5974,6054,6134,6214,6294,6374,6454,6534,6614]",4,4
"Male 3 Lift Classic Masters 9 (80+ years) 120KG",105,120,80,200,M,110,75,125,315,1,"[5984,6064,6144,6224,6304,6384,6464,6544,6624]",4,4
"Male 3 Lift Classic Masters 9 (80+ years) 120+KG",120,500,80,200,M,115,80,135,325,1,"[5994,6074,6154,6234,6314,6394,6474,6554,6634]",4,4
"Male 3 Lift Equipped Youth (14 – 18 years) 56KG",1,56,14,18,M,132,87,142,365,1,,4,14
"Male 3 Lift Equipped Youth (14 – 18 years) 62KG",56,62,14,18,M,142,95,155,385,1,[6884],4,14
"Male 3 Lift Equipped Youth (14 – 18 years) 69KG",62,69,14,18,M,157,112,175,442,1,[6894],4,14
"Male 3 Lift Equipped Youth (14 – 18 years) 77KG",69,77,14,18,M,180,117,202,482,1,[6904],4,14
"Male 3 Lift Equipped Youth (14 – 18 years) 85KG",77,85,14,18,M,195,130,207,525,1,[6914],4,14
"Male 3 Lift Equipped Youth (14 – 18 years) 94KG",85,94,14,18,M,202,137,225,560,1,[6924],4,14
"Male 3 Lift Equipped Youth (14 – 18 years) 105KG",94,105,14,18,M,210,147,235,587,1,[6934],4,14
"Male 3 Lift Equipped Youth (14 – 18 years) 105+KG",105,500,14,18,M,230,157,242,625,1,,4,14
"Male 3 Lift Equipped Junior (19 – 23 years) 62KG",1,62,19,23,M,155,105,180,432,1,[6884],4,14
"Male 3 Lift Equipped Junior (19 – 23 years) 69KG",62,69,19,23,M,175,115,190,475,1,[6894],4,14
"Male 3 Lift Equipped Junior (19 – 23 years) 77KG",69,77,19,23,M,185,125,241,535,1,[6904],4,14
"Male 3 Lift Equipped Junior (19 – 23 years) 85KG",77,85,19,23,M,205,137,220,570,1,[6914],4,14
"Male 3 Lift Equipped Junior (19 – 23 years) 94KG",85,94,19,23,M,227,147,240,600,1,[6924],4,14
"Male 3 Lift Equipped Junior (19 – 23 years) 105KG",94,105,19,23,M,240,155,250,645,1,[6934],4,14
"Male 3 Lift Equipped Junior (19 – 23 years) 120KG",105,120,19,23,M,250,170,265,700,1,[6944],4,14
"Male 3 Lift Equipped Junior (19 – 23 years) 120+KG",120,500,19,23,M,260,185,280,745,1,[6954],4,14
"Male 3 Lift Equipped Open (24 – 39 years) 62KG",1,62,24,39,M,190,120,205,515,1,,4,14
"Male 3 Lift Equipped Open (24 – 39 years) 69KG",62,69,24,39,M,212,140,230,575,1,,4,14
"Male 3 Lift Equipped Open (24 – 39 years) 77KG",69,77,24,39,M,230,163,247,625,1,,4,14
"Male 3 Lift Equipped Open (24 – 39 years) 85KG",77,85,24,39,M,247,177,265,675,1,,4,14
"Male 3 Lift Equipped Open (24 – 39 years) 94KG",85,94,24,39,M,252,190,290,730,1,,4,14
"Male 3 Lift Equipped Open (24 – 39 years) 105KG",94,105,24,39,M,272,230,300,765,1,,4,14
"Male 3 Lift Equipped Open (24 – 39 years) 120KG",105,120,24,39,M,300,215,310,840,1,,4,14
"Male 3 Lift Equipped Open (24 – 39 years) 120+KG",120,500,24,39,M,320,220,320,835,1,,4,14
"Male 3 Lift Equipped Masters 1 (40 – 44 years) 62KG",1,62,40,44,M,155,115,165,425,1,[6884],4,14
"Male 3 Lift Equipped Masters 1 (40 – 44 years) 69KG",62,69,40,44,M,170,125,185,475,1,[6894],4,14
"Male 3 Lift Equipped Masters 1 (40 – 44 years) 77KG",69,77,40,44,M,180,135,205,530,1,[6904],4,14
"Male 3 Lift Equipped Masters 1 (40 – 44 years) 85KG",77,85,40,44,M,205,160,227,585,1,[6914],4,14
"Male 3 Lift Equipped Masters 1 (40 – 44 years) 94KG",85,94,40,44,M,217,170,240,625,1,[6924],4,14
"Male 3 Lift Equipped Masters 1 (40 – 44 years) 105KG",94,105,40,44,M,252,177,270,695,1,[6934],4,14
"Male 3 Lift Equipped Masters 1 (40 – 44 years) 120KG",105,120,40,44,M,280,190,280,750,1,[6944],4,14
"Male 3 Lift Equipped Masters 1 (40 – 44 years) 120+KG",120,500,40,44,M,320,285,292,825,1,[6954],4,14
"Male 3 Lift Equipped Masters 2 (45 – 49 years) 62KG",1,62,45,49,M,140,97,150,395,1,"[6884,6964]",4,14
"Male 3 Lift Equipped Masters 2 (45 – 49 years) 69KG",62,69,45,49,M,150,102,160,425,1,"[6894,6974]",4,14
"Male 3 Lift Equipped Masters 2 (45 – 49 years) 77KG",69,77,45,49,M,160,112,170,450,1,"[6904,6984]",4,14
"Male 3 Lift Equipped Masters 2 (45 – 49 years) 85KG",77,85,45,49,M,170,120,180,470,1,"[6914,6994]",4,14
"Male 3 Lift Equipped Masters 2 (45 – 49 years) 94KG",85,94,45,49,M,180,130,200,500,1,"[6924,7004]",4,14
"Male 3 Lift Equipped Masters 2 (45 – 49 years) 105KG",94,105,45,49,M,208,140,268,588,1,[6924],4,14
"Male 3 Lift Equipped Masters 2 (45 – 49 years) 120KG",105,120,45,49,M,200,145,210,560,1,"[6944,7024]",4,14
"Male 3 Lift Equipped Masters 2 (45 – 49 years) 120+KG",120,500,45,49,M,320,285,245,825,1,"[6954,7034]",4,14
"Male 3 Lift Equipped Masters 3 (50 – 54 years) 62KG",1,62,50,54,M,120,85,130,340,1,"[6884,6964,7044]",4,14
"Male 3 Lift Equipped Masters 3 (50 – 54 years) 69KG",62,69,50,54,M,130,92,140,375,1,"[6894,6974,7054]",4,14
"Male 3 Lift Equipped Masters 3 (50 – 54 years) 77KG",69,77,50,54,M,145,105,160,420,1,"[6904,6984,7064]",4,14
"Male 3 Lift Equipped Masters 3 (50 – 54 years) 85KG",77,85,50,54,M,155,110,170,465,1,"[6914,6994,7074]",4,14
"Male 3 Lift Equipped Masters 3 (50 – 54 years) 94KG",85,94,50,54,M,180,125,200,500,1,"[6924,7004,7084]",4,14
"Male 3 Lift Equipped Masters 3 (50 – 54 years) 105KG",94,105,50,54,M,205,130,268,580,1,"[6934,7014,7094]",4,14
"Male 3 Lift Equipped Masters 3 (50 – 54 years) 120KG",105,120,50,54,M,185,140,208,525,1,"[6944,7024,7104]",4,14
"Male 3 Lift Equipped Masters 3 (50 – 54 years) 120+KG",120,500,50,54,M,286,161,245,692,1,"[6954,7034,7114]",4,14
"Male 3 Lift Equipped Masters 4 (55 – 59 years) 62KG",1,62,55,59,M,115,80,130,325,1,"[6884,6964,7044,7124]",4,14
"Male 3 Lift Equipped Masters 4 (55 – 59 years) 69KG",62,69,55,59,M,120,90,135,350,1,"[6894,6974,7054,7134]",4,14
"Male 3 Lift Equipped Masters 4 (55 – 59 years) 77KG",69,77,55,59,M,135,100,145,385,1,"[6904,6984,7064,7144]",4,14
"Male 3 Lift Equipped Masters 4 (55 – 59 years) 85KG",77,85,55,59,M,145,105,155,425,1,"[6914,6994,7074,7154]",4,14
"Male 3 Lift Equipped Masters 4 (55 – 59 years) 94KG",85,94,55,59,M,180,125,200,500,1,"[6924,7004,7084,7164]",4,14
"Male 3 Lift Equipped Masters 4 (55 – 59 years) 105KG",94,105,55,59,M,205,120,268,580,1,"[6934,7014,7094,7174]",4,14
"Male 3 Lift Equipped Masters 4 (55 – 59 years) 120KG",105,120,55,59,M,175,125,208,485,1,"[6944,7024,7104,7184]",4,14
"Male 3 Lift Equipped Masters 4 (55 – 59 years) 120+KG",120,500,55,59,M,286,161,245,692,1,"[6954,7034,7114,7194]",4,14
"Male 3 Lift Equipped Masters 5 (60 – 64 years) 62KG",1,62,60,64,M,110,70,125,300,1,"[6884,6964,7044,7124,7204]",4,14
"Male 3 Lift Equipped Masters 5 (60 – 64 years) 69KG",62,69,60,64,M,120,80,130,330,1,"[6894,6974,7054,7134,7214]",4,14
"Male 3 Lift Equipped Masters 5 (60 – 64 years) 77KG",69,77,60,64,M,130,85,140,355,1,"[6904,6984,7064,7144,7224]",4,14
"Male 3 Lift Equipped Masters 5 (60 – 64 years) 85KG",77,85,60,64,M,140,90,150,380,1,"[6914,6994,7074,7154,7234]",4,14
"Male 3 Lift Equipped Masters 5 (60 – 64 years) 94KG",85,94,60,64,M,180,125,200,500,1,"[6924,7004,7084,7164,7244]",4,14
"Male 3 Lift Equipped Masters 5 (60 – 64 years) 105KG",94,105,60,64,M,160,100,170,425,1,"[6934,7014,7094,7174,7254]",4,14
"Male 3 Lift Equipped Masters 5 (60 – 64 years) 120KG",105,120,60,64,M,165,110,208,458,1,"[6944,7024,7104,7184,7264]",4,14
"Male 3 Lift Equipped Masters 5 (60 – 64 years) 120+KG",120,500,60,64,M,175,120,190,495,1,"[6954,7034,7114,7194,7274]",4,14
"Male 3 Lift Equipped Masters 6 (65 – 69 years) 62KG",1,62,65,69,M,105,65,120,290,1,"[6884,6964,7044,7124,7204,7284]",4,14
"Male 3 Lift Equipped Masters 6 (65 – 69 years) 69KG",62,69,65,69,M,112,75,130,325,1,"[6894,6974,7054,7134,7214,7294]",4,14
"Male 3 Lift Equipped Masters 6 (65 – 69 years) 77KG",69,77,65,69,M,122,80,140,350,1,"[6904,6984,7064,7144,7224,7304]",4,14
"Male 3 Lift Equipped Masters 6 (65 – 69 years) 85KG",77,85,65,69,M,130,85,150,370,1,"[6914,6994,7074,7154,7234,7314]",4,14
"Male 3 Lift Equipped Masters 6 (65 – 69 years) 94KG",85,94,65,69,M,180,125,200,500,1,"[6924,7004,7084,7164,7244,7324]",4,14
"Male 3 Lift Equipped Masters 6 (65 – 69 years) 105KG",94,105,65,69,M,150,95,170,410,1,"[6934,7014,7094,7174,7254,7334]",4,14
"Male 3 Lift Equipped Masters 6 (65 – 69 years) 120KG",105,120,65,69,M,160,100,175,430,1,"[6944,7024,7104,7184,7264,7344]",4,14
"Male 3 Lift Equipped Masters 6 (65 – 69 years) 120+KG",120,500,65,69,M,170,105,180,450,1,"[6954,7034,7114,7194,7274,7354]",4,14
"Male 3 Lift Equipped Masters 7 (70 – 74 years) 62KG",1,62,70,74,M,100,60,110,280,1,"[6884,6964,7044,7124,7204,7284,7364]",4,14
"Male 3 Lift Equipped Masters 7 (70 – 74 years) 69KG",62,69,70,74,M,110,65,125,305,1,"[6894,6974,7054,7134,7214,7294,7374]",4,14
"Male 3 Lift Equipped Masters 7 (70 – 74 years) 77KG",69,77,70,74,M,115,70,135,325,1,"[6904,6984,7064,7144,7224,7304,7384]",4,14
"Male 3 Lift Equipped Masters 7 (70 – 74 years) 85KG",77,85,70,74,M,125,75,145,345,1,"[6914,6994,7074,7154,7234,7314,7394]",4,14
"Male 3 Lift Equipped Masters 7 (70 – 74 years) 94KG",85,94,70,74,M,135,85,155,375,1,"[6924,7004,7084,7164,7244,7324,7404]",4,14
"Male 3 Lift Equipped Masters 7 (70 – 74 years) 105KG",94,105,70,74,M,142,90,165,395,1,"[6934,7014,7094,7174,7254,7334,7414]",4,14
"Male 3 Lift Equipped Masters 7 (70 – 74 years) 120KG",105,120,70,74,M,150,95,170,425,1,"[6944,7024,7104,7184,7264,7344,7424]",4,14
"Male 3 Lift Equipped Masters 7 (70 – 74 years) 120+KG",120,500,70,74,M,157,100,175,440,1,"[6954,7034,7114,7194,7274,7354,7434]",4,14
"Male 3 Lift Equipped Masters 8 (75 – 79 years) 62KG",1,62,75,79,M,90,55,100,240,1,"[6884,6964,7044,7124,7204,7284,7364,7444]",4,14
"Male 3 Lift Equipped Masters 8 (75 – 79 years) 69KG",62,69,75,79,M,100,60,110,270,1,"[6894,6974,7054,7134,7214,7294,7374,7454]",4,14
"Male 3 Lift Equipped Masters 8 (75 – 79 years) 77KG",69,77,75,79,M,110,65,125,300,1,"[6904,6984,7064,7144,7224,7304,7384,7464]",4,14
"Male 3 Lift Equipped Masters 8 (75 – 79 years) 85KG",77,85,75,79,M,115,72,135,325,1,"[6914,6994,7074,7154,7234,7314,7394,7474]",4,14
"Male 3 Lift Equipped Masters 8 (75 – 79 years) 94KG",85,94,75,79,M,125,82,145,350,1,"[6924,7004,7084,7164,7244,7324,7404,7484]",4,14
"Male 3 Lift Equipped Masters 8 (75 – 79 years) 105KG",94,105,75,79,M,132,85,155,375,1,"[6934,7014,7094,7174,7254,7334,7414,7494]",4,14
"Male 3 Lift Equipped Masters 8 (75 – 79 years) 120KG",105,120,75,79,M,142,90,160,400,1,"[6944,7024,7104,7184,7264,7344,7424,7504]",4,14
"Male 3 Lift Equipped Masters 8 (75 – 79 years) 120+KG",120,500,75,79,M,152,95,165,420,1,"[6954,7034,7114,7194,7274,7354,7434,7514]",4,14
"Male 3 Lift Equipped Masters 9 (80+ years) 62KG",1,62,80,200,M,80,50,95,225,1,"[6884,6964,7044,7124,7204,7284,7364,7444,7524]",4,14
"Male 3 Lift Equipped Masters 9 (80+ years) 69KG",62,69,80,200,M,85,55,100,240,1,"[6894,6974,7054,7134,7214,7294,7374,7454,7534]",4,14
"Male 3 Lift Equipped Masters 9 (80+ years) 77KG",69,77,80,200,M,90,60,105,255,1,"[6904,6984,7064,7144,7224,7304,7384,7464,7544]",4,14
"Male 3 Lift Equipped Masters 9 (80+ years) 85KG",77,85,80,200,M,95,65,110,270,1,"[6914,6994,7074,7154,7234,7314,7394,7474,7554]",4,14
"Male 3 Lift Equipped Masters 9 (80+ years) 94KG",85,94,80,200,M,102,70,125,295,1,"[6924,7004,7084,7164,7244,7324,7404,7484,7564]",4,14
"Male 3 Lift Equipped Masters 9 (80+ years) 105KG",94,105,80,200,M,115,75,135,320,1,"[6934,7014,7094,7174,7254,7334,7414,7494,7574]",4,14
"Male 3 Lift Equipped Masters 9 (80+ years) 120KG",105,120,80,200,M,120,80,145,345,1,"[6944,7024,7104,7184,7264,7344,7424,7504,7584]",4,14
"Male 3 Lift Equipped Masters 9 (80+ years) 120+KG",120,500,80,200,M,130,85,155,375,1,"[6954,7034,7114,7194,7274,7354,7434,7514,7594]",4,14
